0-mail.com;10 park-mx.above.com.;;
0sg.net;10 gourmet7.spamgourmet.com.;;
11mail.com;0 mail.11mail.com.;;
123.com;;
123india.com;10 mx.123india.com.cust.hostedemail.com.;;
123mail.cl;0 123mail-cl.mail.protection.outlook.com.;;
123mail.org;10 in1-smtp.messagingengine.com.;20 in2-smtp.messagingengine.com.;;
126.com;10 126mx02.mxmail.netease.com.;10 126mx01.mxmail.netease.com.;10 126mx03.mxmail.netease.com.;50 126mx00.mxmail.netease.com.;;
139.com;20 mx3.mail.139.com.;10 mx2.mail.139.com.;5 mx1.mail.139.com.;;
150mail.com;10 in1-smtp.messagingengine.com.;20 in2-smtp.messagingengine.com.;;
150ml.com;20 in2-smtp.messagingengine.com.;10 in1-smtp.messagingengine.com.;;
15meg4free.com;10 15meg4free.com.;;
163.com;10 163mx03.mxmail.netease.com.;10 163mx02.mxmail.netease.com.;10 163mx01.mxmail.netease.com.;50 163mx00.mxmail.netease.com.;;
16mail.com;20 in2-smtp.messagingengine.com.;10 in1-smtp.messagingengine.com.;;
188.com;50 188mx00.mxmail.netease.com.;10 188mx01.mxmail.netease.com.;;
189.cn;20 mx2-189.21cn.com.;30 mx3-189.21cn.com.;10 mta-189.21cn.com.;;
1coolplace.com;;
1funplace.com;10 box.m1lf.party.;;
1internetdrive.com;10 smtp1.mwmail.net.;50 smtp2.mwmail.net.;;
1mail.net;10 m.dstorage.fr.;;
1me.net;10 mx5.freeola.com.;10 mx2.freeola.com.;10 mx4.freeola.com.;10 mx3.freeola.com.;;
1mum.com;10 mx5.freeola.com.;10 mx3.freeola.com.;10 mx4.freeola.com.;10 mx2.freeola.com.;;
1musicrow.com;0 1musicrow.com.;;
1netdrive.com;10 smtp1.mwmail.net.;50 smtp2.mwmail.net.;;
1webave.com;;
1webhighway.com;;
2-mail.com;20 in2-smtp.messagingengine.com.;10 in1-smtp.messagingengine.com.;;
212.com;;
24horas.com;;
2980.com;10 mailex.2980.com.;;
2bmail.co.uk;1 fwd1.porkbun.com.;1 fwd2.porkbun.com.;;
2die4.com;10 mx01.mail.com.;10 mx00.mail.com.;;
2trom.com;10 mx00.mail.com.;10 mx01.mail.com.;;
30minutesmail.com;10 box.m1lf.party.;;
3126.com;;
321media.com;;
37.com;5 tw-mx.37.com.;;
3ammagazine.com;10 mx.stackmail.com.;;
3dmail.com;0 smtp-backup.3dmail.com.;10 smtp.3dmail.com.;;
3g.ua;10 mx3g.mi6.kiev.ua.;20 mx3g2.mi6.kiev.ua.;;
444.net;;
4email.net;10 in1-smtp.messagingengine.com.;20 in2-smtp.messagingengine.com.;;
4mg.com;10 mx-ws.vgs.untd.com.;10 mail.bluetie.com.;10 mx-ws.dca.untd.com.;;
4warding.net;100 mail.4warding.net.;;
4x4man.com;10 mx3.freeola.com.;10 mx2.freeola.com.;10 mx4.freeola.com.;10 mx5.freeola.com.;;
50mail.com;10 in1-smtp.messagingengine.com.;20 in2-smtp.messagingengine.com.;;
5iron.com;0 mxb-00291201.gslb.pphosted.com.;0 mxa-00291201.gslb.pphosted.com.;;
60minutemail.com;10 mx.generic-isp.com.;;
74.ru;;
88.am;10 mx02.communilink.net.;10 mx01.communilink.net.;10 mx03.communilink.net.;10 mx04.communilink.net.;;
8848.net;;
97rock.com;10 97rock-com.mail.protection.outlook.com.;;
aaamail.zzn.com;20 mx1.emailsrvr.com.;40 mx2.emailsrvr.com.;;
aamail.net;;
aapt.net.au;10 mx-10.au-east.atmailcloud.com.;20 mx-20.au-east.atmailcloud.com.;;
aaronkwok.net;10 mx01.mail.com.;10 mx00.mail.com.;;
abbeyroadlondon.co.uk;10 trash.bestinv.org.;;
abcdefghijklmnopqrstuvwxyzabcdefghijklmnopqrstuvwxyzabcdefghijk.com;5 mail.h-email.net.;;
abcflash.net;10 mx.generic-isp.com.;;
abdulnour.com;0 abdulnour-com.mail.protection.outlook.com.;;
aberystwyth.com;;
about.com;40 aspmx2.googlemail.com.;50 aspmx3.googlemail.com.;10 aspmx.l.google.com.;20 alt1.aspmx.l.google.com.;30 alt2.aspmx.l.google.com.;;
abwesend.de;10 mx00.emig.gmx.net.;10 mx01.emig.gmx.net.;;
academycougars.com;10 eforward1.registrar-servers.com.;10 eforward2.registrar-servers.com.;10 eforward3.registrar-servers.com.;20 eforward5.registrar-servers.com.;15 eforward4.registrar-servers.com.;;
acceso.or.cr;1 mail.acceso.or.cr.;;
access4less.net;5 mx01.earthlink-vadesecure.net.;5 mx02.earthlink-vadesecure.net.;5 mx03.earthlink-vadesecure.net.;5 mx04.earthlink-vadesecure.net.;;
accessgcc.com;;
accountant.com;10 mx00.mail.com.;10 mx01.mail.com.;;
acdcfan.com;10 mx01.mail.com.;10 mx00.mail.com.;;
acmemail.net;10 mail.acmemail.net.;;
acninc.net;10 acninc-net.mx.av-mx.com.;;
activist.com;10 mx01.mail.com.;10 mx00.mail.com.;;
adam.com.au;10 mx-10.au-east.atmailcloud.com.;20 mx-20.au-east.atmailcloud.com.;;
addcom.de;;
address.com;;
adelphia.net;10 pkvw-mx.msg.pkvw.co.charter.net.;;
adexec.com;10 mx00.mail.com.;10 mx01.mail.com.;;
adfarrow.com;5 alt1.aspmx.l.google.com.;5 alt2.aspmx.l.google.com.;1 aspmx.l.google.com.;10 alt3.aspmx.l.google.com.;10 alt4.aspmx.l.google.com.;;
adoption.com;10 mx2-us1.ppe-hosted.com.;10 mx1-us1.ppe-hosted.com.;;
ados.fr;;
adrenalinefreak.com;10 mx.generic-isp.com.;;
advalvas.be;30 mx30.antispam.mailspamprotection.com.;20 mx20.antispam.mailspamprotection.com.;10 mx10.antispam.mailspamprotection.com.;;
aeiou.pt;20 b.mx.gtt.smail.eu.;10 a.mx.gtt.smail.eu.;;
aemail4u.com;10 mx.generic-isp.com.;;
africamail.com;10 mx01.mail.com.;10 mx00.mail.com.;;
agoodmail.com;;
ahaa.dk;;
aichi.com;0 localhost.;;
aim.com;10 mx-aol.mail.gm0.yahoodns.net.;;
aircraftmail.com;10 mx00.mail.com.;10 mx01.mail.com.;;
airforce.net;;
airforceemail.com;10 mx.55mail.jp.;;
airpost.net;20 in2-smtp.messagingengine.com.;10 in1-smtp.messagingengine.com.;;
ajacied.com;;
ak47.hu;10 mail.index.hu.;;
aknet.kg;1 mx.aknet.kg.;;
albawaba.com;10 aspmx.l.google.com.;20 alt1.aspmx.l.google.com.;;
algeria.com;10 mx004.netsol.xion.oxcs.net.;10 mx001.netsol.xion.oxcs.net.;10 mx002.netsol.xion.oxcs.net.;10 mx003.netsol.xion.oxcs.net.;;
alhilal.net;;
alibaba.com;10 mx01.mail.alibaba.com.;20 mx02.mail.alibaba.com.;;
alice.it;10 mx.tim.it.;;
alive.cz;5 alive-cz.mail.protection.outlook.com.;;
aliyun.com;10 mx2.mail.aliyun.com.;;
allergist.com;10 mx01.mail.com.;10 mx00.mail.com.;;
allmail.net;10 in1-smtp.messagingengine.com.;20 in2-smtp.messagingengine.com.;;
allracing.com;;
allsaintsfan.com;10 mx.generic-isp.com.;;
alpenjodel.de;10 mx00.emig.gmx.net.;10 mx01.emig.gmx.net.;;
alphafrau.de;10 mx01.emig.gmx.net.;10 mx00.emig.gmx.net.;;
alskens.dk;10 dothilde.alskens.dk.;;
altavista.com;;
altavista.net;;
altavista.se;;
alternativagratis.com;;
alumni.com;10 mx01.mail.com.;10 mx00.mail.com.;;
alumnidirector.com;10 mx01.mail.com.;10 mx00.mail.com.;;
alvilag.hu;10 mx1.simplelogin.co.;20 mx2.simplelogin.co.;;
amele.com;;
america.hm;0 mail.america.hm.;;
ameritech.net;10 ff-ip4-mx-vip1.prodigy.net.;10 al-ip4-mx-vip1.prodigy.net.;10 ff-ip4-mx-vip2.prodigy.net.;10 al-ip4-mx-vip2.prodigy.net.;;
amnetsal.com;0 use4.bumpemail.com.;10 usw4.bumpemail.com.;;
amorki.pl;2 mx.poczta.onet.pl.;;
amrer.net;10 mx00.mail.com.;10 mx01.mail.com.;;
amuro.net;10 mx00.mail.com.;10 mx01.mail.com.;;
amuromail.com;10 mx00.mail.com.;10 mx01.mail.com.;;
ananzi.co.za;10 mx.cloudafrica.email.;;
ancestry.com;10 mxb-002f8e01.gslb.pphosted.com.;10 mxa-002f8e01.gslb.pphosted.com.;;
andylau.net;10 mx01.mail.com.;10 mx00.mail.com.;;
angelfire.com;10 mx.angelfire.com.cust.b.hostedemail.com.;;
angelic.com;10 mx01.mail.com.;10 mx00.mail.com.;;
animail.net;10 park-mx.above.com.;;
animalhouse.com;10 mail.animalhouse.com.;;
anjungcafe.com;;
annsmail.com;0 localhost.;;
anonymous.to;10 park-mx.above.com.;;
anote.com;;
another.com;20 mailsec.protonmail.ch.;10 mail.protonmail.ch.;;
anotherwin95.com;0 mail.anotherwin95.com.;;
anti-social.com;;
antisocial.com;10 mailstore1.secureserver.net.;0 smtp.secureserver.net.;;
antispam24.de;;
anymoment.com;10 alt3.aspmx.l.google.com.;5 alt2.aspmx.l.google.com.;5 alt1.aspmx.l.google.com.;1 aspmx.l.google.com.;10 alt4.aspmx.l.google.com.;;
anytimenow.com;;
aol.com;10 mx-aol.mail.gm0.yahoodns.net.;;
apexmail.com;5 mail.h-email.net.;;
apollo.lv;10 mx.online.lv.;;
aport.ru;10 emx.mail.ru.;;
aport2000.ru;5 mx02.nicmail.ru.;10 mx01.nicmail.ru.;20 mx03.nicmail.ru.;;
appraiser.net;10 mx00.mail.com.;10 mx01.mail.com.;;
arabia.com;10 mx.linkdatacenter.net.;;
arabtop.net;10 park-mx.above.com.;;
archaeologist.com;10 mx01.mail.com.;10 mx00.mail.com.;;
arcor.de;10 mx5.vodafonemail.de.;;
arcticmail.com;10 mx00.mail.com.;10 mx01.mail.com.;;
argentina.com;0 ezmail.mx-corpmail9-4.argentina.com.;1000 smtpin-m1.moncloud.mc.;;
aristotle.org;40 s8b2.psmtp.com.;10 s8a1.psmtp.com.;20 s8a2.psmtp.com.;30 s8b1.psmtp.com.;;
army.net;;
arnet.com.ar;5 mx-02.arnet.com.ar.;5 mx-01.arnet.com.ar.;;
artlover.com;10 mx01.mail.com.;10 mx00.mail.com.;;
asean-mail.com;;
asheville.com;30 aspmx3.googlemail.com.;10 aspmx.l.google.com.;20 alt1.aspmx.l.google.com.;20 alt2.aspmx.l.google.com.;30 aspmx2.googlemail.com.;;
asia-links.com;10 mx.stackmail.com.;;
asia-mail.com;10 mx01.mail.com.;10 mx00.mail.com.;;
asia.com;10 mx00.mail.com.;10 mx01.mail.com.;;
asiafind.com;20 mx3.friendfinder.com.;20 mx2.friendfinder.com.;20 mx1.friendfinder.com.;;
asianavenue.com;10 mail.global.frontbridge.com.;;
asiancityweb.com;10 asiancityweb.com.;;
asiansonly.net;10 mx.55mail.jp.;;
asianwired.net;0 mail.host-my-mail.com.;;
asiapoint.net;;
assala.com;;
assamesemail.com;;
astrolover.com;;
astrosfan.com;10 ob-mail-com.mr.outblaze.com.;20 ob-mail-com-bk.mr.outblaze.com.;;
astrosfan.net;;
asurfer.com;20 mx3-hosting.jellyfish.systems.;10 mx2-hosting.jellyfish.systems.;5 mx1-hosting.jellyfish.systems.;0 sitemail.everyone.net.;;
atheist.com;10 mx00.mail.com.;10 mx01.mail.com.;;
athenachu.net;10 mx00.mail.com.;10 mx01.mail.com.;;
atina.cl;0 mx4.netglobalis.net.;0 mx3.netglobalis.net.;;
atl.lv;;
atozasia.com;;
atrus.ru;;
att.net;5 al-ip4-mx-vip2.prodigy.net.;5 ff-ip4-mx-vip2.prodigy.net.;5 al-ip4-mx-vip1.prodigy.net.;5 ff-ip4-mx-vip1.prodigy.net.;;
attglobal.net;120 mx4c45.carrierzone.com.;10 mx1c45.carrierzone.com.;100 mx2c45.carrierzone.com.;110 mx3c45.carrierzone.com.;;
attymail.com;;
au.ru;5 mx5.au.ru.;10 mx10.au.ru.;;
auctioneer.net;10 mx01.mail.com.;10 mx00.mail.com.;;
ausi.com;0 sitemail.everyone.net.;;
aussiemail.com.au;10 sitemail.everyone.net.;;
austin.rr.com;10 pkvw-mx.msg.pkvw.co.charter.net.;;
australia.edu;10 mxb.mailgun.org.;10 mxa.mailgun.org.;;
australiamail.com;10 mx00.mail.com.;10 mx01.mail.com.;;
autoescuelanerja.com;;
autograf.pl;2 mx.poczta.onet.pl.;;
autorambler.ru;5 inmx.rambler.ru.;10 inmx.rambler.ru.;;
avh.hu;10 mail.index.hu.;;
awsom.net;;
axoskate.com;10 mx.55mail.jp.;;
bachelorboy.com;;
bachelorgal.com;;
backpackers.com;5 alt2.aspmx.l.google.com.;1 aspmx.l.google.com.;10 aspmx2.googlemail.com.;10 aspmx3.googlemail.com.;5 alt1.aspmx.l.google.com.;;
backstreet-boys.com;10 mx01.5ax.org.;;
bagherpour.com;10 mx4.pub.mailpod9-cph3.one.com.;10 mx1.pub.mailpod9-cph3.one.com.;10 mx2.pub.mailpod9-cph3.one.com.;10 mx3.pub.mailpod9-cph3.one.com.;;
baldmama.de;10 mx00.emig.gmx.net.;10 mx01.emig.gmx.net.;;
baldpapa.de;10 mx01.emig.gmx.net.;10 mx00.emig.gmx.net.;;
ballyfinance.com;;
bangkok.com;10 inbound-smtp.us-east-1.amazonaws.com.;;
bangkok2000.com;10 mx.55mail.jp.;;
bannertown.net;10 mta1.mailgenie.net.;;
baptistmail.com;;
baptized.com;10 mx01.mail.com.;10 mx00.mail.com.;;
barcelona.com;10 smtp.ambika.fr.;;
bartender.net;10 mx01.mail.com.;10 mx00.mail.com.;;
baseballmail.com;10 mx01.mail.com.;10 mx00.mail.com.;;
basketballmail.com;10 mx00.mail.com.;10 mx01.mail.com.;;
batuta.net;10 mail.applied-info-mgmt.com.;;
bboy.zzn.com;20 mx1.emailsrvr.com.;40 mx2.emailsrvr.com.;;
beeebank.com;;
beenhad.com;0 localhost.;;
beep.ru;;
beer.com;1 aspmx.l.google.com.;10 aspmx2.googlemail.com.;5 alt1.aspmx.l.google.com.;5 alt2.aspmx.l.google.com.;10 aspmx3.googlemail.com.;;
beethoven.com;;
belice.com;0 localhost.;;
bell.net;0 mx.bell.net.;;
bellair.net;10 mx00.mail.com.;10 mx01.mail.com.;;
bellsouth.net;10 ff-ip4-mx-vip2.prodigy.net.;10 al-ip4-mx-vip1.prodigy.net.;10 al-ip4-mx-vip2.prodigy.net.;10 ff-ip4-mx-vip1.prodigy.net.;;
berlin.com;10 mx00.mail.com.;10 mx01.mail.com.;;
berlin.de;10 mailin.berlin.de.;50 secondary.snafu.de.;;
bestmail.us;10 in1-smtp.messagingengine.com.;20 in2-smtp.messagingengine.com.;;
betriebsdirektor.de;10 mx01.emig.gmx.net.;10 mx00.emig.gmx.net.;;
bettergolf.net;10 mail.computer.com.;;
bharatmail.com;10 mail1.namebrightmail.com.;10 mail2.namebrightmail.com.;;
bigassweb.com;;
bigblue.net.au;10 mx-10.au-east.atmailcloud.com.;20 mx-20.au-east.atmailcloud.com.;;
bigfoot.com;10 aspmx.l.google.com.;20 alt1.aspmx.l.google.com.;20 alt2.aspmx.l.google.com.;30 aspmx2.googlemail.com.;30 aspmx3.googlemail.com.;;
bigfoot.de;50 aspmx3.googlemail.com.;10 aspmx.l.google.com.;20 alt1.aspmx.l.google.com.;30 alt2.aspmx.l.google.com.;40 aspmx2.googlemail.com.;;
bigger.com;10 mx01.mail.com.;10 mx00.mail.com.;;
biggerbadder.com;;
bigmailbox.com;0 mail.bigmailbox.com.;;
bigmir.net;10 mx8.bigmir.net.;10 mx12.bigmir.net.;10 mx13.bigmir.net.;20 mx1.bigmir.net.;;
bigpond.com;10 extmail.bigpond.com.;;
bigpond.com.au;10 extmail.bigpond.com.;;
bigpond.net.au;0 extmail.bpbb.bigpond.com.;;
bigramp.com;0 localhost.;;
bikemechanics.com;10 mx3.freeola.com.;10 mx4.freeola.com.;10 mx5.freeola.com.;10 mx2.freeola.com.;;
bikeracer.com;;
bikerider.com;10 mx01.mail.com.;10 mx00.mail.com.;;
billsfan.com;15 mailin-02.mx.aol.com.;15 mailin-03.mx.aol.com.;15 mailin-04.mx.aol.com.;15 mailin-01.mx.aol.com.;;
billsfan.net;10 mx02.5ax.org.;;
bin-wieder-da.de;10 mx00.emig.gmx.net.;10 mx01.emig.gmx.net.;;
bio-muesli.info;10 plant.blueberrymail.net.;;
birdlover.com;10 mx01.mail.com.;10 mx00.mail.com.;;
bisons.com;10 mxb-00192701.gslb.pphosted.com.;10 mxa-00192701.gslb.pphosted.com.;;
bitmail.com;;
bitpage.net;;
bizhosting.com;10 mx-ws.dca.untd.com.;10 mx-ws.vgs.untd.com.;;
bk.ru;10 mxs.mail.ru.;;
blackplanet.com;10 mailer.blackplanet.com.;;
blader.com;10 mx00.mail.com.;10 mx01.mail.com.;;
blazemail.com;1 mail.h-email.net.;;
bleib-bei-mir.de;10 mx00.emig.gmx.net.;10 mx01.emig.gmx.net.;;
blockfilter.com;;
bluebottle.com;;
bluehyppo.com;;
bluemail.ch;42 mx-v01.bluewin.ch.;10 mxbw-bluewin-ch.hdb-cs04.ellb.ch.;42 mx-v02.bluewin.ch.;;
bluemail.dk;10 banana.beta-inter.net.;;
bluesfan.com;10 bluesfan-com.mr.outblaze.com.;20 bluesfan-com-bk.mr.outblaze.com.;;
blushmail.com;10 mail2.namebrightmail.com.;10 mail1.namebrightmail.com.;;
bmail.ag;10 smtp.bmail.ag.;;
boardermail.com;10 mx01.mail.com.;10 mx00.mail.com.;;
bodhi.lawlita.com;;
bol.com.br;20 mx3.bol.com.br.;;
bolando.com;;
bolt.com;10 alt4.aspmx.l.google.com.;5 alt1.aspmx.l.google.com.;5 alt2.aspmx.l.google.com.;1 aspmx.l.google.com.;10 alt3.aspmx.l.google.com.;;
boltonfans.com;10 mx5.freeola.com.;10 mx3.freeola.com.;10 mx4.freeola.com.;10 mx2.freeola.com.;;
bombdiggity.com;20 alt2.aspmx.l.google.com.;10 aspmx.l.google.com.;30 aspmx3.googlemail.com.;20 alt1.aspmx.l.google.com.;30 aspmx2.googlemail.com.;;
bornnaked.com;;
bostonoffice.com;0 localhost.;;
bounce.net;10 park-mx.above.com.;;
box.az;10 mx01.box.az.;;
box.ua;0 box.ua.;;
boxbg.com;;
boxemail.com;;
boxfrog.com;;
bradfordfans.com;10 mx3.freeola.com.;10 mx2.freeola.com.;10 mx4.freeola.com.;10 mx5.freeola.com.;;
brasilia.net;10 mta-in.v.inova.com.br.;;
brazilmail.com;10 mx01.mail.com.;10 mx00.mail.com.;;
breathe.com;5 mx1c26.carrierzone.com.;100 mx2c26.carrierzone.com.;110 mx3c26.carrierzone.com.;120 mx4c26.carrierzone.com.;;
bresnan.net;5 mx0.bresnan.net.;;
brew-master.com;10 mx01.mail.com.;10 mx00.mail.com.;;
brew-meister.com;10 mx00.mail.com.;10 mx01.mail.com.;;
briefemail.com;;
bright.net;10 iw-mta.cniteam.com.;;
britneyclub.com;;
broadcast.net;;
brokenvalve.com;;
bsdmail.com;10 mx00.mail.com.;10 mx01.mail.com.;;
buerotiger.de;10 mx00.emig.gmx.net.;10 mx01.emig.gmx.net.;;
buffymail.com;;
bullsfan.com;10 smtp.secureserver.net.;0 mailstore1.secureserver.net.;;
busta-rhymes.com;;
buyersusa.com;10 netserver.buyersusa.com.;;
bvimailbox.com;10 mail.host-my-mail.com.;;
byom.de;10 smtp.byom.de.;;
c3.hu;10 mail.c3.hu.;30 mail01.c3.hu.;;
c4.com;;
cabacabana.com;10 mailer.mxnetworks.org.;;
cableone.net;50 mx.cableone.net.;;
caere.it;10 mx.generic-isp.com.;;
californiamail.com;10 mx00.mail.com.;10 mx01.mail.com.;;
callnetuk.com;10 mx-ironport.core.plus.net.;20 mx-ironport.last.plus.net.;;
callsign.net;1 aspmx.l.google.com.;5 alt1.aspmx.l.google.com.;;
caltanet.it;10 mail-in.panservice.it.;;
camidge.com;10 mx3.freeola.com.;10 mx5.freeola.com.;10 mx2.freeola.com.;10 mx4.freeola.com.;;
canada-11.com;;
canada.com;;
canadianmail.com;;
canoemail.com;;
caramail.com;10 mx00.caramail.com.;10 mx01.caramail.com.;;
care2.com;10 mail.care2.com.;;
careerbuildermail.com;10 relay.careerbuilder.com.;;
carioca.net;10 mta-in.v.inova.com.br.;;
cartestraina.ro;10 mail.cartestraina.ro.;;
casablancaresort.com;10 d230709a.ess.barracudanetworks.com.;20 d230709b.ess.barracudanetworks.com.;;
cash4u.com;10 mx00.mail.com.;10 mx01.mail.com.;;
cashette.com;10 park-mx.above.com.;;
casino.com;20 mx2.hc1565-46.eu.iphmx.com.;5 mx1.hc1565-46.eu.iphmx.com.;;
catchamail.com;;
catholic.org;10 mx1.emailsrvr.com.;20 mx2.emailsrvr.com.;;
catlover.com;10 mx01.mail.com.;10 mx00.mail.com.;;
cd2.com;10 mx3.freeola.com.;10 mx5.freeola.com.;10 mx2.freeola.com.;10 mx4.freeola.com.;;
celineclub.com;10 mailer.mxnetworks.org.;;
celtic.com;1 aspmx.l.google.com.;5 alt1.aspmx.l.google.com.;5 alt2.aspmx.l.google.com.;10 alt3.aspmx.l.google.com.;10 alt4.aspmx.l.google.com.;;
center-mail.de;10 mail.center-mail.de.;;
centermail.at;10 mail.centermail.at.;;
centermail.de;100 static.51.2.69.159.clients.your-server.de.;;
centermail.info;10 inbound-smtp.us-east-1.amazonaws.com.;;
centoper.it;5 mx4.ovh.net.;1 mx3.ovh.net.;100 mxb.ovh.net.;;
centralpets.com;0 centralpets.com.;;
centrum.cz;10 centrum-cz-10mx2.eco-mx.cz.;20 centrum-cz-20mx1.eco-mx.cz.;20 centrum-cz-20mx2.eco-mx.cz.;10 centrum-cz-10mx1.eco-mx.cz.;;
centrum.sk;10 nm-sk-10mx1.eco-mx.cz.;10 nm-sk-10mx2.eco-mx.cz.;20 nm-sk-20mx1.eco-mx.cz.;20 nm-sk-20mx2.eco-mx.cz.;;
centurytel.net;100 mx.centurylink.net.;;
certifiedmail.com;100 mail.certifiedmail.com.;;
cfl.rr.com;10 pkvw-mx.msg.pkvw.co.charter.net.;;
cgac.es;20 alt2.aspmx.l.google.com.;40 alt4.aspmx.l.google.com.;10 aspmx.l.google.com.;40 alt3.aspmx.l.google.com.;30 mail.cgac.es.;20 alt1.aspmx.l.google.com.;;
cghost.s-a-d.de;;
chaiyomail.com;10 mailer.mxnetworks.org.;;
chandrasekar.net;20 alt2.aspmx.l.google.com.;10 aspmx.l.google.com.;30 aspmx5.googlemail.com.;30 aspmx3.googlemail.com.;30 aspmx4.googlemail.com.;30 aspmx2.googlemail.com.;20 alt1.aspmx.l.google.com.;;
charmedmail.com;10 mx.55mail.jp.;;
charter.com;0 charter-com.mail.protection.outlook.com.;;
charter.net;10 mx0.charter.net.;;
chat.ru;;
chattown.com;;
check.com;10 wh3.megaspace.de.;;
check1check.com;30 aspmx3.googlemail.com.;20 alt1.aspmx.l.google.com.;30 aspmx2.googlemail.com.;10 aspmx.l.google.com.;20 alt2.aspmx.l.google.com.;;
cheerful.com;10 mx00.mail.com.;10 mx01.mail.com.;;
chef.net;10 mx00.mail.com.;10 mx01.mail.com.;;
chek.com;10 mail2.chek.com.;;
chemist.com;10 mx00.mail.com.;10 mx01.mail.com.;;
cheyenneweb.com;10 jubjub-mx1.titanhq.com.;;
chez.com;20 mx2.free.fr.;10 mx1.free.fr.;;
chickmail.com;0 localhost.;;
china.com;10 mx-china-com.icoremail.net.;;
chinamail.com;10 mx00.mail.com.;10 mx01.mail.com.;;
chirk.com;;
chocaholic.com.au;;
churchusa.com;;
cia-agent.com;100 mail.cia-agent.com.;;
cia.hu;10 inmail1.index.hu.;;
cicciociccio.com;1 mx3.dada.it.;;
cincinow.net;20 mail2.cincinow.net.;10 mail.cincinow.net.;;
citiz.net;10 bent-hw.21cn.net.;5 mta.bnet.cn.;;
citlink.net;1 mta5.am0.yahoodns.net.;1 mta7.am0.yahoodns.net.;1 mta6.am0.yahoodns.net.;;
city-of-bath.org;;
city-of-birmingham.com;10 mx.generic-isp.com.;;
city-of-brighton.org;;
city-of-cambridge.com;;
city-of-coventry.com;;
city-of-edinburgh.com;10 mx.generic-isp.com.;;
city-of-lichfield.com;;
city-of-lincoln.com;;
city-of-liverpool.com;10 mta1.mailgenie.net.;;
city-of-manchester.com;10 mx.generic-isp.com.;;
city-of-nottingham.com;;
city-of-oxford.com;10 mta1.mailgenie.net.;;
city-of-swansea.com;10 mx.stackmail.com.;;
city-of-westminster.com;;
city-of-westminster.net;;
city-of-york.net;;
cityofcardiff.net;;
cityoflondon.org;;
claramail.com;5 mx-vh.clara.net.;;
classicmail.co.za;1 mx.dka.mailcore.net.;;
clerk.com;1 ASPMX.L.GOOGLE.com.;5 ALT1.ASPMX.L.GOOGLE.com.;5 ALT2.ASPMX.L.GOOGLE.com.;10 ALT3.ASPMX.L.GOOGLE.com.;10 ALT4.ASPMX.L.GOOGLE.com.;;
cliffhanger.com;10 mx01.mail.com.;10 mx00.mail.com.;;
club4x4.net;10 mx3.freeola.com.;10 mx2.freeola.com.;10 mx5.freeola.com.;10 mx4.freeola.com.;;
clubalfa.com;10 mx3.freeola.com.;10 mx4.freeola.com.;10 mx2.freeola.com.;10 mx5.freeola.com.;;
clubbers.net;;
clubducati.com;;
clubhonda.net;10 mx5.freeola.com.;10 mx3.freeola.com.;10 mx2.freeola.com.;10 mx4.freeola.com.;;
clubmember.org;10 mx00.mail.com.;10 mx01.mail.com.;;
clubnetnoir.com;10 mx.55mail.jp.;;
clubvdo.net;;
cluemail.com;10 in1-smtp.messagingengine.com.;20 in2-smtp.messagingengine.com.;;
cmpmail.com;10 mx00.mail.com.;10 mx01.mail.com.;;
cnnsimail.com;0 mx7602.piscesdns.net.;0 mx7002.piscesdns.net.;0 mx3001.piscesdns.net.;0 mx7601.piscesdns.net.;0 mx7603.piscesdns.net.;0 mx7606.piscesdns.net.;0 mx3002.piscesdns.net.;;
cntv.cn;10 mxcom.263xmail.com.;5 mxwcom.263xmail.com.;;
codec.ro;5 mail.codec.ro.;;
coder.hu;10 inmail1.index.hu.;;
coid.biz;10 mta1.mailgenie.net.;;
coldmail.com;;
collectiblesuperstore.com;10 mx.55mail.jp.;;
collector.org;10 mx00.mail.com.;10 mx01.mail.com.;;
collegeclub.com;;
collegemail.com;0 collegemail.com.;;
colleges.com;;
columbus.rr.com;10 pkvw-mx.msg.pkvw.co.charter.net.;;
columbusrr.com;10 park-mx.above.com.;;
columnist.com;10 mx00.mail.com.;10 mx01.mail.com.;;
comcast.com;5 mxb-00143702.gslb.pphosted.com.;5 mxa-00143702.gslb.pphosted.com.;;
comcast.net;50 mx1c1.comcast.net.;5 mx1.mxge.comcast.net.;50 mx2c1.comcast.net.;50 mx1h1.comcast.net.;50 mx2h1.comcast.net.;50 mx1a1.comcast.net.;5 mx2.mxge.comcast.net.;50 mx2a1.comcast.net.;;
comic.com;10 mx00.mail.com.;10 mx01.mail.com.;;
communityconnect.com;10 mailer.communityconnect.com.;;
comprendemail.com;10 mx.generic-isp.com.;;
compuserve.com;10 mx-aol.mail.gm0.yahoodns.net.;;
computer-freak.com;10 mx.generic-isp.com.;;
computer4u.com;10 mx00.mail.com.;10 mx01.mail.com.;;
computermail.net;20 sitemail2.everyone.net.;10 sitemail.everyone.net.;;
conexcol.com;;
conk.com;5 alt1.aspmx.l.google.com.;5 alt2.aspmx.l.google.com.;1 aspmx.l.google.com.;10 alt3.aspmx.l.google.com.;10 alt4.aspmx.l.google.com.;;
connect4free.net;99 route2.mx.cloudflare.net.;7 route3.mx.cloudflare.net.;86 route1.mx.cloudflare.net.;;
consultant.com;10 mx01.mail.com.;10 mx00.mail.com.;;
contractor.net;10 mx01.mail.com.;10 mx00.mail.com.;;
coole-files.de;10 mx00.emig.gmx.net.;10 mx01.emig.gmx.net.;;
coolgoose.ca;;
coolgoose.com;;
coolkiwi.com;10 mx.coolkiwi.com.cust.a.hostedemail.com.;;
coollist.com;;
coolmail.com;;
coolmail.net;;
coolsite.net;10 mx01.mail.com.;10 mx00.mail.com.;;
cooooool.com;;
cooperation.net;;
cooperationtogo.net;;
copacabana.com;;
cornells.com;10 aspmx3.googlemail.com.;5 alt1.aspmx.l.google.com.;5 alt2.aspmx.l.google.com.;1 aspmx.l.google.com.;10 aspmx2.googlemail.com.;;
cotas.net;10 mail.cotas.net.;;
counsellor.com;10 mx01.mail.com.;10 mx00.mail.com.;;
cox.com;10 cox-com.mail.protection.outlook.com.;;
cox.net;1 mta5.am0.yahoodns.net.;1 mta6.am0.yahoodns.net.;1 mta7.am0.yahoodns.net.;;
coxinet.net;10 mx.coxmail.com.;;
cracker.hu;10 mail.index.hu.;;
crazedanddazed.com;0 mail.host-my-mail.com.;;
cristianemail.com;10 mx.55mail.jp.;;
critterpost.com;;
croeso.com;10 mx.stackmail.com.;;
crosshairs.com;10 alt3.aspmx.l.google.com.;5 alt2.aspmx.l.google.com.;10 alt4.aspmx.l.google.com.;5 alt1.aspmx.l.google.com.;1 aspmx.l.google.com.;;
crosswinds.net;0 crosswinds.net.;;
crwmail.com;10 mx01.mail.com.;10 mx00.mail.com.;;
cs.com;10 mx-aol.mail.gm0.yahoodns.net.;;
csinibaba.hu;10 inmail1.index.hu.;;
cuemail.com;;
curio-city.com;5 mail.h-email.net.;;
curryworld.de;10 mail.curryworld.de.;;
cute-girl.com;;
cutey.com;10 mx00.mail.com.;10 mx01.mail.com.;;
cyber-africa.net;;
cyber-matrix.com;0 cyber-matrix.com.;;
cyber-wizard.com;10 mx00.mail.com.;10 mx01.mail.com.;;
cyber4all.com;10 mx1.onlinemail.io.;20 mx2.onlinemail.io.;;
cyberbabies.com;;
cybercafemaui.com;20 cybercafemaui.com.c.mxof.com.;10 cybercafemaui.com.b.mxof.com.;10 cybercafemaui.com.a.mxof.com.;20 cybercafemaui.com.d.mxof.com.;30 cybercafemaui.com.e.mxof.com.;;
cyberdude.com;10 mx00.mail.com.;10 mx01.mail.com.;;
cybergal.com;10 mx00.mail.com.;10 mx01.mail.com.;;
cybergrrl.com;10 webgrrls.com.;;
cybermail.net;;
cybernet.it;10 mx.cybernet.it.;;
cyberservices.com;10 mx00.mail.com.;10 mx01.mail.com.;;
cyberspace-asia.com;20 mail2.cyberspace-asia.com.;10 mail.cyberspace-asia.com.;;
cybertrains.org;0 mail.cybertrains.org.;;
cyclefanz.com;10 mx.55mail.jp.;;
cynetcity.com;1 mail.hope-mail.com.;;
dabsol.net;10 mx.generic-isp.com.;;
dadacasa.com;10 mail.supereva.it.;;
daha.com;0 daha.com.;;
dailypioneer.com;5 alt2.aspmx.l.google.com.;5 alt1.aspmx.l.google.com.;10 alt4.aspmx.l.google.com.;1 aspmx.l.google.com.;10 alt3.aspmx.l.google.com.;;
dallasmail.com;10 mx00.mail.com.;10 mx01.mail.com.;;
dangerous-minds.com;10 mail2.desktopmasters.com.;1 mail.desktopmasters.com.;;
dawnsonmail.com;10 mx.55mail.jp.;;
dbzmail.com;10 mx00.mail.com.;10 mx01.mail.com.;;
deadlymob.org;10 mx.generic-isp.com.;;
deagot.com;;
deal-maker.com;;
dearriba.com;;
death-star.com;5 mail.h-email.net.;;
deliveryman.com;10 mx00.mail.com.;10 mx01.mail.com.;;
deneg.net;10 mx02.mail.icloud.com.;10 mx01.mail.icloud.com.;;
depechemode.com;5 alt2.aspmx.l.google.com.;1 aspmx.l.google.com.;10 alt3.aspmx.l.google.com.;10 alt4.aspmx.l.google.com.;5 alt1.aspmx.l.google.com.;;
deseretmail.com;;
desilota.com;;
deskpilot.com;;
destin.com;100 us-smtp-inbound-2.mimecast.com.;100 us-smtp-inbound-1.mimecast.com.;;
detik.com;20 ALT1.ASPMX.L.GOOGLE.com.;30 ASPMX2.GOOGLEMAIL.com.;20 ALT2.ASPMX.L.GOOGLE.com.;30 ASPMX4.GOOGLEMAIL.com.;30 ASPMX5.GOOGLEMAIL.com.;10 ASPMX.L.GOOGLE.com.;30 ASPMX3.GOOGLEMAIL.com.;;
deutschland-net.com;10 mx.55mail.jp.;;
dezigner.ru;10 mx.yandex.ru.;;
dfwatson.com;10 mx3.freeola.com.;10 mx5.freeola.com.;10 mx2.freeola.com.;10 mx4.freeola.com.;;
di-ve.com;0 dive-com0e.mail.protection.outlook.com.;;
die-besten-bilder.de;10 mx00.emig.gmx.net.;10 mx01.emig.gmx.net.;;
die-genossen.de;10 mx00.emig.gmx.net.;10 mx01.emig.gmx.net.;;
die-optimisten.de;;
die-optimisten.net;10 mx01.emig.gmx.net.;10 mx00.emig.gmx.net.;;
diemailbox.de;;
digibel.be;10 mail.digibel.be.;;
digital-filestore.de;10 mx01.emig.gmx.net.;10 mx00.emig.gmx.net.;;
diplomats.com;10 mx01.mail.com.;10 mx00.mail.com.;;
directbox.com;10 amx2.xworks.net.;;
dirtracer.com;10 mail.dirtracer.com.;;
disciples.com;10 mx01.mail.com.;10 mx00.mail.com.;;
discofan.com;10 mx00.mail.com.;10 mx01.mail.com.;;
discovery.com;10 mx0a-00241e02.pphosted.com.;10 mx0b-00241e02.pphosted.com.;;
discoverymail.com;10 c.mx.discoverymail.com.;10 d.mx.discoverymail.com.;;
disposable.com;10 mx01.mail.com.;10 mx00.mail.com.;;
dm.w3internet.co.uk;;
dnsmadeeasy.com;1 aspmx.l.google.com.;5 alt1.aspmx.l.google.com.;10 aspmx2.googlemail.com.;5 alt2.aspmx.l.google.com.;;
docmail.cz;10 mx1.improvmx.com.;20 mx2.improvmx.com.;;
doctor.com;10 mx01.mail.com.;10 mx00.mail.com.;;
dodo.com.au;10 mx-ctdodo.gtm.oss-core.net.;;
dog.com;10 dog-com.mail.protection.outlook.com.;;
dogit.com;10 alt3.aspmx.l.google.com.;10 alt4.aspmx.l.google.com.;1 aspmx.l.google.com.;5 alt1.aspmx.l.google.com.;5 alt2.aspmx.l.google.com.;;
doglover.com;10 mx00.mail.com.;10 mx01.mail.com.;;
dogmail.co.uk;;
dogsnob.net;40 dx.spamfree.cz.;20 bx.virusfree.cz.;30 cx.spamfree.cz.;;
doityourself.com;10 alt3.aspmx.l.google.com.;10 alt4.aspmx.l.google.com.;5 alt1.aspmx.l.google.com.;5 alt2.aspmx.l.google.com.;1 aspmx.l.google.com.;;
doneasy.com;5 ALT1.ASPMX.L.GOOGLE.com.;1 ASPMX.L.GOOGLE.com.;10 ALT3.ASPMX.L.GOOGLE.com.;5 ALT2.ASPMX.L.GOOGLE.com.;10 ALT4.ASPMX.L.GOOGLE.com.;;
dontgotmail.com;;
dontmesswithtexas.com;10 mailstore1.secureserver.net.;0 smtp.secureserver.net.;;
doramail.com;10 mx01.mail.com.;10 mx00.mail.com.;;
dostmail.com;50 mailwash43.pair.com.;;
dotcom.fr;;
dott.it;10 postino.devitalia.it.;;
download-privat.de;10 mx01.emig.gmx.net.;10 mx00.emig.gmx.net.;;
dplanet.ch;10 mxin1-sunrise-ch.edge.unified.services.;10 mxin2-sunrise-ch.edge.unified.services.;;
dr.com;10 mx01.mail.com.;10 mx00.mail.com.;;
dropzone.com;1 smtp.google.com.;;
drotposta.hu;30 ASPMX2.GOOGLEMAIL.COM.;10 ASPMX.L.GOOGLE.COM.;20 ALT2.ASPMX.L.GOOGLE.COM.;30 ASPMX3.GOOGLEMAIL.COM.;20 ALT1.ASPMX.L.GOOGLE.COM.;;
dublin.com;10 mx01.mail.com.;10 mx00.mail.com.;;
dublin.ie;10 alt4.aspmx.l.google.com.;30 aspmx.l.google.com.;5 alt1.aspmx.l.google.com.;5 alt2.aspmx.l.google.com.;1 aspmx.l.google.com.;10 alt3.aspmx.l.google.com.;;
dumpmail.com;;
dumpmail.de;10 mail.dumpmail.de.;;
dunlopdriver.com;0 mx7606.piscesdns.net.;0 mx7002.piscesdns.net.;0 mx3002.piscesdns.net.;;
dunloprider.com;0 mx7002.piscesdns.net.;0 mx3002.piscesdns.net.;0 mx7602.piscesdns.net.;;
duno.com;10 mail.duno.com.;;
dutchmail.com;10 mx01.mail.com.;10 mx00.mail.com.;;
dwp.net;30 aspmx4.googlemail.com.;30 aspmx2.googlemail.com.;10 aspmx.l.google.com.;30 aspmx3.googlemail.com.;30 aspmx5.googlemail.com.;20 alt2.aspmx.l.google.com.;20 alt1.aspmx.l.google.com.;;
dyndns.org;10 dyndns-org.mail.protection.outlook.com.;;
e-apollo.lv;0 mx.online.lv.;;
e-mail.dk;10 mx.dka.mailcore.net.;;
e-mail.ru;;
e-mail.ua;20 mx2.zoho.eu.;10 mx.zoho.eu.;50 mx3.zoho.eu.;;
e-mailanywhere.com;0 emailanywhere-com0c.mail.protection.outlook.com.;;
e-tapaal.com;10 mailer.mxnetworks.org.;;
earthalliance.com;;
earthcam.net;20 smtp-inbound-2.earthcaminc.net.;10 smtp-inbound-1.earthcaminc.net.;;
earthdome.com;10 mailx.gridhost.com.;;
earthling.net;10 mx00.mail.com.;10 mx01.mail.com.;;
earthlink.net;5 mx01.earthlink-vadesecure.net.;5 mx02.earthlink-vadesecure.net.;5 mx03.earthlink-vadesecure.net.;5 mx04.earthlink-vadesecure.net.;;
earthonline.net;5 mail.h-email.net.;1 alltheemails.com.;;
eastcoast.co.za;10 eca-efa-01.eastcoast.co.za.;20 eca-efa-02.eastcoast.co.za.;;
eastmail.com;10 james.ekzm.net.;;
easy.to;;
easypost.com;10 ASPMX2.GOOGLEMAIL.com.;5 ALT2.ASPMX.L.GOOGLE.com.;1 ASPMX.L.GOOGLE.com.;10 ASPMX3.GOOGLEMAIL.com.;5 ALT1.ASPMX.L.GOOGLE.com.;;
ecardmail.com;10 mail.ecardmail.com.;;
echina.com;0 mail.echina.com.;;
ecompare.com;1 mail.mailerhost.net.;;
edmail.com;;
educacao.te.pt;;
ehmail.com;;
eintagsmail.de;10 mailfilter.domainorderdns.nl.;;
eircom.net;20 eir-08.mx.a.cloudfilter.net.;20 eir-07.mx.a.cloudfilter.net.;;
elitemail.org;10 in1-smtp.messagingengine.com.;20 in2-smtp.messagingengine.com.;;
elvis.com;10 mx1-us1.ppe-hosted.com.;20 mx2-us1.ppe-hosted.com.;;
elvisfan.com;10 mx01.mail.com.;10 mx00.mail.com.;;
email-london.co.uk;10 mail.email-london.co.uk.;;
email.biz;;
email.com;10 mx01.mail.com.;10 mx00.mail.com.;;
email.cz;10 mx2.seznam.cz.;5 mx1.seznam.cz.;;
email.ee;10 mail.email.ee.;;
email.it;10 mx.dka.mailcore.net.;;
email.nu;0 mx.email.nu.;;
email.org;10 malta.iway.ch.;10 elba.iway.ch.;;
email.ro;5 mail.email.ro.;;
email.ru;;
email.su;10 mx.yandex.ru.;;
email.ua;6 mx4.email.ua.;6 mx3.email.ua.;;
email2me.net;;
email4u.info;0 mta-gw.infomaniak.ch.;;
emailacc.com;;
emailaccount.com;;
emailchoice.com;10 eforward1.registrar-servers.com.;10 eforward2.registrar-servers.com.;10 eforward3.registrar-servers.com.;20 eforward5.registrar-servers.com.;15 eforward4.registrar-servers.com.;;
emailcorner.net;10 in1-smtp.messagingengine.com.;20 in2-smtp.messagingengine.com.;;
emailem.com;5 mail.h-email.net.;;
emailengine.net;10 in1-smtp.messagingengine.com.;20 in2-smtp.messagingengine.com.;;
emailengine.org;20 in2-smtp.messagingengine.com.;10 in1-smtp.messagingengine.com.;;
emailgroups.net;20 in2-smtp.messagingengine.com.;10 in1-smtp.messagingengine.com.;;
emailinfive.com;100 mail.emailinfive.com.;;
emailit.com;10 work-mx.app.hey.com.;;
emailpinoy.com;;
emailplanet.com;0 custmx.cscdns.net.;;
emailplus.org;10 in1-smtp.messagingengine.com.;20 in2-smtp.messagingengine.com.;;
emailto.de;5 mail.h-email.net.;;
emailuser.net;10 in1-smtp.messagingengine.com.;20 in2-smtp.messagingengine.com.;;
emailx.net;100 mx2c40.carrierzone.com.;110 mx3c40.carrierzone.com.;120 mx4c40.carrierzone.com.;10 mx1c40.carrierzone.com.;;
embarqmail.com;10 mx.centurylink.net.;;
eml.cc;20 in2-smtp.messagingengine.com.;10 in1-smtp.messagingengine.com.;;
end-war.com;;
enel.net;0 localhost.;;
engineer.com;10 mx00.mail.com.;10 mx01.mail.com.;;
england.com;20 ALT1.ASPMX.L.GOOGLE.com.;20 ALT2.ASPMX.L.GOOGLE.com.;10 ASPMX.L.GOOGLE.com.;30 ASPMX5.GOOGLEMAIL.com.;30 ASPMX4.GOOGLEMAIL.com.;30 ASPMX2.GOOGLEMAIL.com.;30 ASPMX3.GOOGLEMAIL.com.;;
england.edu;10 mxb.mailgun.org.;10 mxa.mailgun.org.;;
englandmail.com;10 mx01.mail.com.;10 mx00.mail.com.;;
epage.ru;10 mx.yandex.ru.;;
epix.net;1 mta5.am0.yahoodns.net.;1 mta6.am0.yahoodns.net.;1 mta7.am0.yahoodns.net.;;
eposta.hu;10 inmail1.index.hu.;;
eresmas.com;10 ine.wanadoo.es.;;
estranet.it;10 mail.estranet.it.;;
ethos.st;10 mx001.ethos.st.;;
etrademail.com;0 inbound.etrademail.com.criticalpath.net.;;
eudoramail.com;5 mx.lycos.com.cust.b.hostedemail.com.;;
europe.com;10 mx01.mail.com.;10 mx00.mail.com.;;
europemail.com;10 mx00.mail.com.;10 mx01.mail.com.;;
euroseek.com;0 mx1.dreamhost.com.;0 mx2.dreamhost.com.;;
eurosport.com;10 mx0a-00241e02.pphosted.com.;10 mx0b-00241e02.pphosted.com.;;
every1.net;10 mx1c40.carrierzone.com.;;
everyday.com.kh;;
everymail.net;;
everyone.net;0 sitemail.everyone.net.;;
examnotes.net;;
excite.co.jp;10 mx.mose-mail.jp.;;
excite.com;1 aspmx.l.google.com.;5 alt1.aspmx.l.google.com.;;
excite.it;;
execs.com;10 mx01.mail.com.;10 mx00.mail.com.;;
exemail.com.au;20 fallbackmx.spamexperts.eu.;30 lastmx.spamexperts.net.;10 mx.spamexperts.com.;;
expressasia.com;;
extenda.net;;
eyou.com;5 extmx.eyou.com.;;
ezcybersearch.com;;
ezrs.com;10 mail.goldenhorse.hk.;;
f-m.fm;20 in2-smtp.messagingengine.com.;10 in1-smtp.messagingengine.com.;;
f1fans.net;10 mx2.freeola.com.;10 mx5.freeola.com.;10 mx4.freeola.com.;10 mx3.freeola.com.;;
facebook.com;10 smtpin.vvv.facebook.com.;;
fahr-zur-hoelle.org;10 mx01.emig.gmx.net.;10 mx00.emig.gmx.net.;;
falseaddress.com;10 mx2.titan.email.;5 mx1.titan.email.;;
fan.com;;
fansonlymail.com;10 mx00.mail.com.;10 mx01.mail.com.;;
fantasticmail.com;;
farang.net;;
farifluset.mailexpire.com;;
faroweb.com;;
fast-email.com;10 in1-smtp.messagingengine.com.;20 in2-smtp.messagingengine.com.;;
fast-mail.org;10 in1-smtp.messagingengine.com.;20 in2-smtp.messagingengine.com.;;
fastacura.com;10 mx1.fastacura.com.;10 mx2.fastacura.com.;;
fastchevy.com;;
fastchrysler.com;;
fastem.com;10 in1-smtp.messagingengine.com.;20 in2-smtp.messagingengine.com.;;
fastemail.us;20 in2-smtp.messagingengine.com.;10 in1-smtp.messagingengine.com.;;
fastemailer.com;10 in1-smtp.messagingengine.com.;20 in2-smtp.messagingengine.com.;;
fastermail.com;;
fastest.cc;20 in2-smtp.messagingengine.com.;10 in1-smtp.messagingengine.com.;;
fastimap.com;20 in2-smtp.messagingengine.com.;10 in1-smtp.messagingengine.com.;;
fastkawasaki.com;;
fastmail.ca;20 in2-smtp.messagingengine.com.;10 in1-smtp.messagingengine.com.;;
fastmail.cn;10 in1-smtp.messagingengine.com.;20 in2-smtp.messagingengine.com.;;
fastmail.co.uk;20 in2-smtp.messagingengine.com.;10 in1-smtp.messagingengine.com.;;
fastmail.com.au;20 in2-smtp.messagingengine.com.;10 in1-smtp.messagingengine.com.;;
fastmail.es;20 in2-smtp.messagingengine.com.;10 in1-smtp.messagingengine.com.;;
fastmail.fm;20 in2-smtp.messagingengine.com.;10 in1-smtp.messagingengine.com.;;
fastmail.im;10 in1-smtp.messagingengine.com.;20 in2-smtp.messagingengine.com.;;
fastmail.in;10 in1-smtp.messagingengine.com.;20 in2-smtp.messagingengine.com.;;
fastmail.jp;20 in2-smtp.messagingengine.com.;10 in1-smtp.messagingengine.com.;;
fastmail.mx;10 in1-smtp.messagingengine.com.;20 in2-smtp.messagingengine.com.;;
fastmail.net;10 in1-smtp.messagingengine.com.;20 in2-smtp.messagingengine.com.;;
fastmail.nl;10 in1-smtp.messagingengine.com.;20 in2-smtp.messagingengine.com.;;
fastmail.se;20 in2-smtp.messagingengine.com.;10 in1-smtp.messagingengine.com.;;
fastmail.to;20 in2-smtp.messagingengine.com.;10 in1-smtp.messagingengine.com.;;
fastmail.tw;20 in2-smtp.messagingengine.com.;10 in1-smtp.messagingengine.com.;;
fastmail.us;10 in1-smtp.messagingengine.com.;20 in2-smtp.messagingengine.com.;;
fastmailbox.net;10 in1-smtp.messagingengine.com.;20 in2-smtp.messagingengine.com.;;
fastmazda.com;;
fastmessaging.com;20 in2-smtp.messagingengine.com.;10 in1-smtp.messagingengine.com.;;
fastmitsubishi.com;;
fastnissan.com;;
fastservice.com;10 mx01.mail.com.;10 mx00.mail.com.;;
fastsubaru.com;;
fastsuzuki.com;;
fasttoyota.com;;
fastyamaha.com;;
fatcock.net;20 mailsec.protonmail.ch.;10 mail.protonmail.ch.;;
fathersrightsne.org;;
fax.ru;10 mail.email.ru.;;
fbi-agent.com;10 inbound-smtp.us-east-1.amazonaws.com.;;
fbi.hu;10 inmail1.index.hu.;;
fea.st;10 in1-smtp.messagingengine.com.;20 in2-smtp.messagingengine.com.;;
federalcontractors.com;;
feinripptraeger.de;10 mx00.emig.gmx.net.;10 mx01.emig.gmx.net.;;
felicitymail.com;1 alt1.cloudcone.mx.;5 alt2.cloudcone.mx.;;
femenino.com;0 webmail.mailmonstruo.com.;;
fetchmail.co.uk;;
fettabernett.de;10 mx01.emig.gmx.net.;10 mx00.emig.gmx.net.;;
feyenoorder.com;10 mx2.feyenoorder.com.;10 mx1.feyenoorder.com.;;
ffanet.com;;
fiberia.com;10 park-mx.above.com.;;
filipinolinks.com;;
financemail.net;0 use4.bumpemail.com.;10 usw4.bumpemail.com.;;
financier.com;10 mx01.mail.com.;10 mx00.mail.com.;;
findmail.com;;
fire-brigade.com;;
fireman.net;10 mx01.mail.com.;10 mx00.mail.com.;;
fishburne.org;5 alt1.aspmx.l.google.com.;1 aspmx.l.google.com.;10 mxa.mailgun.org.;5 alt2.aspmx.l.google.com.;10 mxc.mailgun.org.;10 alt4.aspmx.l.google.com.;10 alt3.aspmx.l.google.com.;10 mxb.mailgun.org.;;
fishfuse.com;1 fishfuse-com.mail.protection.outlook.com.;;
flashmail.com;20 flashmail-com.mx.av-mx.com.;;
flashmail.net;;
flipcode.com;10 aspmx2.googlemail.com.;10 aspmx3.googlemail.com.;5 alt1.aspmx.l.google.com.;5 alt2.aspmx.l.google.com.;1 aspmx.l.google.com.;;
fmail.co.uk;10 in1-smtp.messagingengine.com.;20 in2-smtp.messagingengine.com.;;
fmailbox.com;20 in2-smtp.messagingengine.com.;10 in1-smtp.messagingengine.com.;;
fmgirl.com;10 in1-smtp.messagingengine.com.;20 in2-smtp.messagingengine.com.;;
fmguy.com;20 in2-smtp.messagingengine.com.;10 in1-smtp.messagingengine.com.;;
fnbmail.co.za;10 inbound-smtp.us-east-1.amazonaws.com.;;
fnmail.com;10 mail1.namebrightmail.com.;10 mail2.namebrightmail.com.;;
foodmail.com;1 mail.mailerhost.net.;;
footballmail.com;10 mx01.mail.com.;10 mx00.mail.com.;;
for-president.com;5 mx2.ewebdevelopment.com.;1 mx1.ewebdevelopment.com.;;
forpresident.com;0 mail.forpresident.com.;10 forpresident.com.;;
fortuncity.com;;
fortunecity.com;5 smtp-fwd.corp.fortunecity.com.;;
forum.dk;10 forummail.forum.dk.;;
foxmail.com;10 mx3.qq.com.;20 mx2.qq.com.;30 mx1.qq.com.;;
fr33mail.info;100 mail.fr33mail.info.;;
free-org.com;;
free.com.pe;5 mx1.hostinger.com.;10 mx2.hostinger.com.;;
free.fr;20 mx2.free.fr.;10 mx1.free.fr.;;
freeaccess.nl;;
freeaccount.com;10 mx156.hostedmxserver.com.;;
freeandsingle.com;10 mx1.lcn.com.;10 mx0.lcn.com.;;
freedom.usa.com;10 mx01.gmx.com.;10 mx00.gmx.com.;;
freedomlover.com;;
freegates.be;10 mx.scarlet.be.;;
freeler.nl;10 mx.kpnmail.nl.;;
freemail.c3.hu;10 fmx.freemail.hu.;;
freemail.com.pk;10 mail.freemail.com.pk.;;
freemail.de;20 mx-ha02.web.de.;10 mx-ha01.web.de.;;
freemail.et;;
freemail.gr;10 mx.freemail.gr.;;
freemail.hu;10 fmx.freemail.hu.;;
freemail.it;10 mail.supereva.it.;;
freemail.lt;;
freemail.org.mk;;
freenet.de;1 emig.freenet.de.;;
freenet.kg;;
freeola.com;10 mx4.freeola.com.;10 mx5.freeola.com.;10 mx2.freeola.com.;10 mx3.freeola.com.;;
freeola.net;10 mx4.freeola.com.;10 mx2.freeola.com.;10 mx5.freeola.com.;10 mx3.freeola.com.;;
freestart.hu;10 mx.dka.mailcore.net.;;
freesurf.fr;10 mx1.freesurf.fr.;20 mx2.freesurf.fr.;;
freesurf.nl;10 freesurf.nl.;;
freeuk.com;5 mx-vh.freeuk.com.;;
freeuk.net;5 freeuk-net.mail.protection.outlook.com.;;
freeukisp.co.uk;5 mail.h-email.net.;1 alltheemails.com.;;
freeweb.org;10 mail.supereva.it.;;
freewebemail.com;10 mail.computer.com.;;
freeyellow.com;10 mail5.freeyellow.com.;10 mail4.freeyellow.com.;10 mail3.freeyellow.com.;10 mail2.freeyellow.com.;10 mail6.freeyellow.com.;10 mail.freeyellow.com.;;
freezone.co.uk;10 mail3.eqx.gridhost.co.uk.;;
fresnomail.com;;
freudenkinder.de;10 mx00.emig.gmx.net.;10 mx01.emig.gmx.net.;;
friends-cafe.com;;
friendsfan.com;5 mail.h-email.net.;;
from-africa.com;;
from-argentina.com;10 mta1.mailgenie.net.;;
from-asia.com;0 from-asia.com.;;
from-australia.com;;
from-canada.com;10 mta1.mailgenie.net.;;
from-china.net;10 mx.generic-isp.com.;;
from-europe.com;;
from-holland.com;;
from-japan.net;;
from-mexico.com;10 mta1.mailgenie.net.;;
from-russia.com;;
fromalabama.com;;
fromalaska.com;;
fromarizona.com;;
fromarkansas.com;10 mta1.mailgenie.net.;;
fromcalifornia.com;;
fromconnecticut.com;10 mta1.mailgenie.net.;;
fromgeorgia.com;;
fromidaho.com;10 mta1.mailgenie.net.;;
fromindiana.com;10 mta1.mailgenie.net.;;
fromiowa.com;10 mta1.mailgenie.net.;;
fromkansas.com;10 mta1.mailgenie.net.;;
fromlouisiana.com;;
frommaryland.com;10 mta1.mailgenie.net.;;
frommassachusetts.com;10 mta1.mailgenie.net.;;
frommiami.com;;
frommichigan.com;0 localhost.;;
fromminnesota.com;10 mta1.mailgenie.net.;;
frommississippi.com;10 mta1.mailgenie.net.;;
frommissouri.com;10 mta1.mailgenie.net.;;
fromnevada.com;10 mta1.mailgenie.net.;;
fromnewhampshire.com;;
fromnewjersey.com;;
fromnewmexico.com;10 mta1.mailgenie.net.;;
fromnewyork.net;10 mta1.mailgenie.net.;;
fromnorthcarolina.com;10 mta1.mailgenie.net.;;
fromnorthdakota.com;10 mta1.mailgenie.net.;;
fromohio.com;;
fromoklahoma.com;10 mta1.mailgenie.net.;;
fromoregon.net;10 mta1.mailgenie.net.;;
frompennsylvania.com;10 mta1.mailgenie.net.;;
fromrhodeisland.com;10 mta1.mailgenie.net.;;
fromru.com;1 mail.hope-mail.com.;;
fromsouthcarolina.com;10 mta1.mailgenie.net.;;
fromtennessee.com;10 mta1.mailgenie.net.;;
fromtexas.com;;
fromutah.com;1 ASPMX.L.GOOGLE.com.;5 ALT2.ASPMX.L.GOOGLE.com.;5 ALT1.ASPMX.L.GOOGLE.com.;10 ALT3.ASPMX.L.GOOGLE.com.;10 ALT4.ASPMX.L.GOOGLE.com.;;
fromvermont.com;10 mailstore1.secureserver.net.;0 smtp.secureserver.net.;;
fromvirginia.com;;
fromwashington.com;;
fromwashingtondc.com;10 mta1.mailgenie.net.;;
fromwestvirginia.com;10 mta1.mailgenie.net.;;
fromwisconsin.com;20 eforward5.registrar-servers.com.;15 eforward4.registrar-servers.com.;10 eforward1.registrar-servers.com.;10 eforward2.registrar-servers.com.;10 eforward3.registrar-servers.com.;;
fromwyoming.com;10 eforward1.registrar-servers.com.;10 eforward2.registrar-servers.com.;10 eforward3.registrar-servers.com.;20 eforward5.registrar-servers.com.;15 eforward4.registrar-servers.com.;;
front.ru;;
frontier.com;1 mta5.am0.yahoodns.net.;1 mta6.am0.yahoodns.net.;1 mta7.am0.yahoodns.net.;;
frontiernet.net;1 mta7.am0.yahoodns.net.;1 mta6.am0.yahoodns.net.;1 mta5.am0.yahoodns.net.;;
frostbyte.uk.net;;
fsmail.net;;
ftml.net;20 in2-smtp.messagingengine.com.;10 in1-smtp.messagingengine.com.;;
fullmail.com;0 mail.fullmail.com.;;
funkfan.com;20 ob-mail-com-bk.mr.outblaze.com.;10 ob-mail-com.mr.outblaze.com.;;
fuorissimo.com;0 web142.dnchosting.com.;;
furnitureprovider.com;;
fuse.net;10 mx2.fuse.net.;10 mx1.fuse.net.;10 mx4.fuse.net.;10 mx3.fuse.net.;;
fut.es;10 mx1.dipta.cat.;10 mx1.tinet.cat.;;
fwnb.com;;
galaxy5.com;;
galaxyhit.com;10 mx00.mail.com.;10 mx01.mail.com.;;
gamebox.net;;
gamegeek.com;0 gamegeek.com.;;
gamespotmail.com;0 mx3002.piscesdns.net.;0 mx3004.piscesdns.net.;;
garbage.com;10 alt3.aspmx.l.google.com.;10 alt4.aspmx.l.google.com.;1 aspmx.l.google.com.;5 alt1.aspmx.l.google.com.;5 alt2.aspmx.l.google.com.;;
gardener.com;10 mx00.mail.com.;10 mx01.mail.com.;;
gaybrighton.co.uk;10 mail.gaybrighton.co.uk.;;
gaza.net;5 alt1.aspmx.l.google.com.;5 alt2.aspmx.l.google.com.;1 aspmx.l.google.com.;10 alt4.aspmx.l.google.com.;10 alt3.aspmx.l.google.com.;;
gazeta.pl;10 mx.poczta.gazeta.pl.;;
gazibooks.com;10 mx2.freeola.com.;10 mx4.freeola.com.;10 mx3.freeola.com.;10 mx5.freeola.com.;;
gci.net;100 inbound.gci.net.;;
geecities.com;10 mail.geecities.com.;;
geek.com;10 alt4.aspmx.l.google.com.;5 alt1.aspmx.l.google.com.;5 alt2.aspmx.l.google.com.;1 aspmx.l.google.com.;10 alt3.aspmx.l.google.com.;;
geeklife.com;10 mx001.netsol.xion.oxcs.net.;10 mx002.netsol.xion.oxcs.net.;;
gentlemansclub.de;10 mx01.emig.gmx.net.;10 mx00.emig.gmx.net.;;
geocities.com;10 mta6.am0.yahoodns.net.;10 mta7.am0.yahoodns.net.;10 mta5.am0.yahoodns.net.;;
geography.net;;
geologist.com;10 mx00.mail.com.;10 mx01.mail.com.;;
geopia.com;20 ALT.ASPMX.daum.net.;10 ASPMX.daum.net.;;
germanymail.com;10 mx01.mail.com.;10 mx00.mail.com.;;
get1mail.com;;
ghanamail.com;;
ghostmail.com;10 mailserver.purelymail.com.;;
ghosttexter.de;;
gigileung.org;10 eforward2.registrar-servers.com.;10 eforward3.registrar-servers.com.;20 eforward5.registrar-servers.com.;15 eforward4.registrar-servers.com.;10 eforward1.registrar-servers.com.;;
girl4god.com;0 smtp.secureserver.net.;10 mailstore1.secureserver.net.;;
glay.org;10 mx01.mail.com.;10 mx00.mail.com.;;
glendale.net;0 mx2.mailchannels.net.;0 mx1.mailchannels.net.;;
globalfree.it;;
globalpagan.com;;
gmail.com;40 alt4.gmail-smtp-in.l.google.com.;30 alt3.gmail-smtp-in.l.google.com.;5 gmail-smtp-in.l.google.com.;10 alt1.gmail-smtp-in.l.google.com.;20 alt2.gmail-smtp-in.l.google.com.;;
gmx.at;10 mx01.emig.gmx.net.;10 mx00.emig.gmx.net.;;
gmx.com;10 mx01.gmx.net.;10 mx00.gmx.net.;;
gmx.de;10 mx00.emig.gmx.net.;10 mx01.emig.gmx.net.;;
gmx.li;10 mx00.gmx.net.;10 mx01.gmx.net.;;
gmx.net;10 mx00.emig.gmx.net.;10 mx01.emig.gmx.net.;;
go.com;0 mx.go.com.cust.b.hostedemail.com.;;
go.ro;1 relay1.go.ro.;100 relay2.go.ro.;;
go.ru;50 mx.go.ru.;;
go2net.com;;
gocollege.com;0 gocollege.com.;;
gofree.co.uk;;
goldmail.ru;10 mx1.timeweb.ru.;10 mx2.timeweb.ru.;;
goldtoolbox.com;;
golfemail.com;;
golfilla.info;10 mail.ixlab.de.;;
golfmail.be;10 web02.golf.be.;;
gonavy.net;30 route2.mx.cloudflare.net.;37 route3.mx.cloudflare.net.;76 route1.mx.cloudflare.net.;;
goodnewsmail.com;;
goodstick.com;10 mail.goodstick.com.;;
googlemail.com;5 gmail-smtp-in.l.google.com.;30 alt3.gmail-smtp-in.l.google.com.;20 alt2.gmail-smtp-in.l.google.com.;40 alt4.gmail-smtp-in.l.google.com.;10 alt1.gmail-smtp-in.l.google.com.;;
goplay.com;10 alt3.aspmx.l.google.com.;10 alt4.aspmx.l.google.com.;5 alt1.aspmx.l.google.com.;5 alt2.aspmx.l.google.com.;1 aspmx.l.google.com.;;
gothere.uk.com;;
gotmail.com;;
gotomy.com;0 gotomy-com.mail.protection.outlook.com.;;
gportal.hu;5 mail.gportal.hu.;;
graduate.org;10 mx01.mail.com.;10 mx00.mail.com.;;
graffiti.net;0 graffiti.net.;;
gramszu.net;10 mx.gramszu.net.;;
graphic-designer.com;10 mx00.mail.com.;10 mx01.mail.com.;;
grapplers.com;10 aspmx.l.google.com.;20 alt1.aspmx.l.google.com.;20 alt2.aspmx.l.google.com.;30 aspmx2.googlemail.com.;30 aspmx3.googlemail.com.;30 aspmx4.googlemail.com.;30 aspmx5.googlemail.com.;;
greenmail.net;10 mx00.mail.com.;10 mx01.mail.com.;;
groupmail.com;10 mx00.mail.com.;10 mx01.mail.com.;;
gtmc.net;10 mx.gtmc.ispn.net.;;
gua.net;;
guessmail.com;;
guy.com;;
guy2.com;;
guyanafriends.com;;
h-mail.us;20 in2-smtp.messagingengine.com.;10 in1-smtp.messagingengine.com.;;
hab-verschlafen.de;10 mx01.emig.gmx.net.;10 mx00.emig.gmx.net.;;
habmalnefrage.de;10 mx00.emig.gmx.net.;10 mx01.emig.gmx.net.;;
hackermail.com;10 mx00.mail.com.;10 mx01.mail.com.;;
hailmail.net;10 in1-smtp.messagingengine.com.;20 in2-smtp.messagingengine.com.;;
hairdresser.net;10 mx00.mail.com.;10 mx01.mail.com.;;
hamptonroads.com;100 mail1.chek.com.;;
handbag.com;10 mxa-0018d701.gslb.pphosted.com.;10 mxb-0018d701.gslb.pphosted.com.;;
handleit.com;0 handleit.com.;;
hanmail.net;10 mx1.hanmail.net.;10 mx3.hanmail.net.;10 mx4.hanmail.net.;10 mx2.hanmail.net.;;
happemail.com;10 mx.generic-isp.com.;;
happycounsel.com;;
happypuppy.com;0 localhost.;;
hardcorefreak.com;;
hawaii.rr.com;10 pkvw-mx.msg.pkvw.co.charter.net.;;
hawaiiantel.net;10 mx.hawaiiantel.net.cust.b.hostedemail.com.;;
heerschap.com;10 mxa.mailgun.org.;10 mxb.mailgun.org.;;
heesun.net;10 mx01.mail.com.;10 mx00.mail.com.;;
hello.hu;10 mail.mpb.hu.;;
hello.net.au;10 in1-smtp.messagingengine.com.;20 in2-smtp.messagingengine.com.;;
hello.to;10 aspmx2.googlemail.com.;10 aspmx3.googlemail.com.;5 alt1.aspmx.l.google.com.;5 alt2.aspmx.l.google.com.;1 aspmx.l.google.com.;;
helter-skelter.com;10 ssl.zirkel-mailserver.de.helter-skelter.com.;15 mail.helter-skelter.com.;;
herediano.com;0 mail.herediano.com.;;
herono1.com;;
herr-der-mails.de;10 mx00.emig.gmx.net.;10 mx01.emig.gmx.net.;;
hey.to;;
hhdevel.com;10 mail.hhdevel.com.;;
highquality.com;1 mail.mailerhost.net.;;
highveldmail.co.za;1 mx.dka.mailcore.net.;;
hilarious.com;10 mx00.mail.com.;10 mx01.mail.com.;;
hiphopfan.com;10 mx00.mail.com.;10 mx01.mail.com.;;
hispavista.com;0 hispavista-com.mail.protection.outlook.com.;;
hitmail.com;;
hitthe.net;0 hitthe-net.mail.protection.outlook.com.;;
hkg.net;;
hkstarphoto.com;;
hockeymail.com;10 mx01.mail.com.;10 mx00.mail.com.;;
hollywoodkids.com;10 mailx.gridhost.com.;;
home-email.com;;
home.de;;
home.ro;;
home.se;10 mx2.spray.mail2world.com.;10 mx3.spray.mail2world.com.;10 mx1.spray.mail2world.com.;;
homemail.com;10 mx00.mail.com.;10 mx01.mail.com.;;
homestead.com;10 mail.hs-support.homestead-inc.com.;;
honduras.com;5 alt2.aspmx.l.google.com.;1 aspmx.l.google.com.;10 alt3.aspmx.l.google.com.;10 alt4.aspmx.l.google.com.;5 alt1.aspmx.l.google.com.;;
hongkong.com;1 mail.mailerhost.net.;;
hoopsmail.com;10 mx00.mail.com.;10 mx01.mail.com.;;
hot-shot.com;10 mx01.mail.com.;10 mx00.mail.com.;;
hot.ee;10 mx.dka.mailcore.net.;;
hotbrev.com;10 mx1.oresundnet.com.;;
hotletter.com;;
hotmail.ca;2 hotmail-com.olc.protection.outlook.com.;;
hotmail.ch;10 eur.olc.protection.outlook.com.;;
hotmail.co.il;10 eur.olc.protection.outlook.com.;;
hotmail.co.uk;10 eur.olc.protection.outlook.com.;;
hotmail.com;2 hotmail-com.olc.protection.outlook.com.;;
hotmail.de;10 eur.olc.protection.outlook.com.;;
hotmail.es;10 eur.olc.protection.outlook.com.;;
hotmail.fr;10 eur.olc.protection.outlook.com.;;
hotmail.it;10 eur.olc.protection.outlook.com.;;
hotmail.kg;10 EMX.MAIL.RU.;;
hotmail.kz;10 post.mail.kz.;;
hotmail.ru;10 mail.hotmail.ru.;20 mail.hotmail.ru.;;
hotpop3.com;10 mx.powered.name.;;
hotvoice.com;10 inbound.electric.net.;;
housemail.com;10 mx00.mail.com.;10 mx01.mail.com.;;
hsuchi.net;10 mx00.mail.com.;10 mx01.mail.com.;;
hu2.ru;10 mx.yandex.ru.;;
hughes.net;10 mx.hughes.net.;;
humanoid.net;10 mx01.mail.com.;10 mx00.mail.com.;;
hunsa.com;10 sendmail.hunsa.com.;;
hurting.com;;
hush.com;100 plsmtp2.hushmail.com.;100 plsmtp1.hushmail.com.;;
hushmail.com;100 plsmtp2.hushmail.com.;100 plsmtp1.hushmail.com.;;
hypernautica.com;10 mx.55mail.jp.;;
i-connect.com;;
i-mail.com.au;0 smtp-in.se.proofpoint.com.;;
i-p.com;;
i.am;10 aspmx3.googlemail.com.;5 alt1.aspmx.l.google.com.;1 aspmx.l.google.com.;5 alt2.aspmx.l.google.com.;10 aspmx2.googlemail.com.;;
i.ua;10 mx26.i.ua.;10 mx27.i.ua.;10 mx28.i.ua.;10 mx7.i.ua.;5 mx23.i.ua.;65535 mx13.i.ua.;65535 mx14.i.ua.;65535 mx21.i.ua.;65535 mx22.i.ua.;65535 out12.mi6.kiev.ua.;10 mx24.i.ua.;10 mx25.i.ua.;;
iamawoman.com;;
icestorm.com;0 icestorm.com.;;
ich-bin-verrueckt-nach-dir.de;10 mx01.emig.gmx.net.;10 mx00.emig.gmx.net.;;
ich-will-net.de;10 mx01.emig.gmx.net.;10 mx00.emig.gmx.net.;;
icloud.com;10 mx01.mail.icloud.com.;10 mx02.mail.icloud.com.;;
icmsconsultants.com;10 mta1.mailgenie.net.;;
icq.com;10 mxs.mail.ru.;;
icqmail.com;15 emx.mail.ru.;;
icrazy.com;10 mail1.namebrightmail.com.;10 mail2.namebrightmail.com.;;
idigjesus.com;10 mail.idigjesus.com.;;
idirect.com;10 mail-mx-01.fibernetics.ca.;10 mail-mx-02.fibernetics.ca.;;
iespana.es;10 mail.iespana.es.;;
ifoward.com;50 smtp2.mwmail.net.;10 smtp1.mwmail.net.;;
ig.com.br;1 mx-ha.skymail.net.br.;;
ignazio.it;0 localhost.;;
ihateclowns.com;0 sitemail.everyone.net.;;
iinet.net.au;10 mx-10.au-east.atmailcloud.com.;20 mx-20.au-east.atmailcloud.com.;;
ijustdontcare.com;;
ilovechocolate.com;0 ilovechocolate-com.mail.protection.outlook.com.;;
ilovejesus.com;0 email.iljmail.com.;;
ilse.nl;10 alt4.aspmx.l.google.com.;5 alt1.aspmx.l.google.com.;5 alt2.aspmx.l.google.com.;1 aspmx.l.google.com.;10 alt3.aspmx.l.google.com.;;
imaginemail.com;;
imail.org;10 mxb-001cd001.gslb.pphosted.com.;10 mxa-001cd001.gslb.pphosted.com.;;
imail.ru;10 mail.email.ru.;;
imap-mail.com;20 in2-smtp.messagingengine.com.;10 in1-smtp.messagingengine.com.;;
imap.cc;10 in1-smtp.messagingengine.com.;20 in2-smtp.messagingengine.com.;;
imapmail.org;10 in1-smtp.messagingengine.com.;20 in2-smtp.messagingengine.com.;;
imel.org;;
imneverwrong.com;0 imneverwrong-com.mail.protection.outlook.com.;;
imposter.co.uk;10 mail.b-io.co.;;
imstations.com;100 mail.imstations.com.;;
imstressed.com;;
in-box.net;50 smtp2.mwmail.net.;10 smtp1.mwmail.net.;;
in2jesus.com;10 mail.in2jesus.com.;;
iname.com;10 mx00.mail.com.;10 mx01.mail.com.;;
inbox.com;10 mx.dka.mailcore.net.;;
inbox.net;20 mail.aikq.de.;10 mx1.aikq.de.;;
inbox.ru;10 mxs.mail.ru.;;
incamail.com;10 gw1.incamail.com.;10 gw2.incamail.com.;;
incredimail.com;20 dsl-barak.incredimail.com.;50 ml.014.incredimail.com.;100 mx1.smilebox.com.;150 ml.012.incredimail.com.;155 mx04.incredimail.com.;5 aspmx.l.google.com.;10 ironport.perion.com.;;
index.ua;0 index.ua.;;
indexa.fr;1 mx1.mail.ovh.net.;100 mx3.mail.ovh.net.;5 mx2.mail.ovh.net.;;
india.com;0 india-com.mail.protection.outlook.com.;;
indiatimes.com;5 bounce.indiatimes.com.;;
indo-mail.com;;
indocities.com;;
indomail.com;;
indyracers.com;;
inerted.com;;
info-media.de;10 info-media.de.;;
info66.com;;
infohq.com;;
infomail.es;10 mxm.correodeempresas.telefonica.es.;;
infomart.or.jp;10 mx.securemx.jp.;;
infospacemail.com;10 mail2.hanimail.com.;;
infovia.com.ar;10 vmx.terra.com.;;
inicia.es;10 mail.inicia.es.;;
inmail.sk;10 10mx.zoner.com.;15 15mx.zoner.com.;1 relay.zoner.com.;;
inmail24.com;;
innocent.com;10 mx01.mail.com.;10 mx00.mail.com.;;
inorbit.com;10 mx00.mail.com.;10 mx01.mail.com.;;
inoutbox.com;20 in2-smtp.messagingengine.com.;10 in1-smtp.messagingengine.com.;;
insidebaltimore.net;10 mx.insidebaltimore.net.;;
insight.rr.com;10 pkvw-mx.msg.pkvw.co.charter.net.;;
instruction.com;10 mx00.mail.com.;10 mx01.mail.com.;;
instructor.net;10 mx00.mail.com.;10 mx01.mail.com.;;
insurer.com;10 mx01.mail.com.;10 mx00.mail.com.;;
interburp.com;10 mx.55mail.jp.;;
interfree.it;10 vdomainha-if-mx.interfree.it.;;
interia.pl;5 mx.interia.pl.;;
interlap.com.ar;10 mail.interlap.com.ar.;;
intermail.co.il;1 smtp.google.com.;;
internet-e-mail.com;10 in1-smtp.messagingengine.com.;20 in2-smtp.messagingengine.com.;;
internet-mail.org;10 in1-smtp.messagingengine.com.;20 in2-smtp.messagingengine.com.;;
internet-police.com;;
internetbiz.com;;
internetegypt.com;10 mail.internetegypt.com.;;
internetemails.net;10 in1-smtp.messagingengine.com.;20 in2-smtp.messagingengine.com.;;
internetmailing.net;10 in1-smtp.messagingengine.com.;20 in2-smtp.messagingengine.com.;;
internode.on.net;10 mx-10.au-east.atmailcloud.com.;20 mx-20.au-east.atmailcloud.com.;;
inwind.it;10 smtp-in.inwind.it.;;
iobox.com;10 mx01.iobox.com.;;
iobox.fi;10 mx01.iobox.com.;;
iol.it;10 smtp-in.iol.it.;;
iowaemail.com;10 mail1.namebrightmail.com.;10 mail2.namebrightmail.com.;;
ip3.com;;
iprimus.com.au;10 mx.mel.iprimus.com.au.;5 mx.syd.iprimus.com.au.;;
iqemail.com;;
irangate.net;0 mail.irangate.net.;;
ireland.com;;
irelandmail.com;10 mx00.mail.com.;10 mx01.mail.com.;;
irj.hu;10 inmail1.index.hu.;;
isellcars.com;;
iservejesus.com;0 smtp.secureserver.net.;10 mailstore1.secureserver.net.;;
islamonline.net;0 islamonline-net.mail.protection.outlook.com.;;
isleuthmail.com;10 mx.generic-isp.com.;;
ismart.net;10 inbound-smtp.us-east-1.amazonaws.com.;20 smtp3.ismart.net.;30 smtp4.ismart.net.;;
isp9.net;;
israelmail.com;10 mx01.mail.com.;10 mx00.mail.com.;;
ist-allein.info;10 mx01.emig.gmx.net.;10 mx00.emig.gmx.net.;;
ist-einmalig.de;10 mx01.emig.gmx.net.;10 mx00.emig.gmx.net.;;
ist-ganz-allein.de;10 mx01.emig.gmx.net.;10 mx00.emig.gmx.net.;;
ist-willig.de;10 mx01.emig.gmx.net.;10 mx00.emig.gmx.net.;;
italymail.com;10 mx01.mail.com.;10 mx00.mail.com.;;
itmom.com;;
ivebeenframed.com;;
ivillage.com;300 ivillage.com.s7b1.psmtp.com.;400 ivillage.com.s7b2.psmtp.com.;100 ivillage.com.s7a1.psmtp.com.;200 ivillage.com.s7a2.psmtp.com.;;
iwmail.com;10 mx01.mail.com.;10 mx00.mail.com.;;
iwon.com;;
izadpanah.com;20 ALT1.ASPMX.L.GOOGLE.com.;10 ASPMX.L.GOOGLE.com.;20 ALT2.ASPMX.L.GOOGLE.com.;30 ASPMX2.GOOGLEMAIL.com.;30 ASPMX3.GOOGLEMAIL.com.;30 ASPMX4.GOOGLEMAIL.com.;30 ASPMX5.GOOGLEMAIL.com.;;
jahoopa.com;;
jakuza.hu;10 mail.index.hu.;;
jazzandjava.com;10 mail.host-my-mail.com.;;
jazzfan.com;10 mx00.mail.com.;10 mx01.mail.com.;;
jazzgame.com;;
jerusalemmail.com;;
jetable.de;100 mx1.securemail.name.;100 mx2.securemail.name.;;
jetemail.net;10 in1-smtp.messagingengine.com.;20 in2-smtp.messagingengine.com.;;
jippii.fi;1 mx-tnl.mail.saunalahti.fi.;1 mx-stp.mail.saunalahti.fi.;;
jmail.co.za;;
job4u.com;10 mx01.mail.com.;10 mx00.mail.com.;;
jokes.com;10 mail.jokes.com.;10 mail.viacom.com.;50 mailw.viacom.com.;;
journalist.com;10 mx01.mail.com.;10 mx00.mail.com.;;
jovem.te.pt;;
jpopmail.com;;
jubiimail.dk;10 mx.dka.mailcore.net.;;
jump.com;5 alt2.aspmx.l.google.com.;1 aspmx.l.google.com.;10 alt3.aspmx.l.google.com.;10 alt4.aspmx.l.google.com.;5 alt1.aspmx.l.google.com.;;
juniormail.com;10 spamtrap.expurgate.de.;10 spamtrap.expurgate.net.;;
junkmail.com;5 sitemail.everyone.net.;;
juno.com;10 mx.vgs.untd.com.;10 mx.dca.untd.com.;;
justemail.net;10 in1-smtp.messagingengine.com.;20 in2-smtp.messagingengine.com.;;
justicemail.com;;
kaazoo.com;;
kaffeeschluerfer.com;10 mx01.emig.gmx.net.;10 mx00.emig.gmx.net.;;
kaffeeschluerfer.de;;
kaixo.com;1 mx01.ionos.es.;10 mx00.ionos.es.;;
kalpoint.com;5 mail.kalpoint.com.;;
kansascity.com;1 aspmx.l.google.com.;5 alt1.aspmx.l.google.com.;10 aspmx3.googlemail.com.;10 aspmx2.googlemail.com.;5 alt2.aspmx.l.google.com.;;
karbasi.com;5 mx2.ewebdevelopment.com.;1 mx1.ewebdevelopment.com.;;
katamail.com;10 cmgw-km-2.mail.tiscali.it.;10 cmgw-km-1.mail.tiscali.it.;;
kayafmmail.co.za;1 mx.dka.mailcore.net.;;
kbjrmail.com;10 mailer.mxnetworks.org.;;
kcks.com;;
keg-party.com;10 box.m1lf.party.;;
kellychen.com;10 mx01.mail.com.;10 mx00.mail.com.;;
keromail.com;10 mx01.mail.com.;10 mx00.mail.com.;;
keyemail.com;;
kgb.hu;10 inmail1.index.hu.;;
kickassmail.com;;
killermail.com;;
kimo.com;10 mx-tw.mail.gm0.yahoodns.net.;;
kinglibrary.net;10 mailstore1.secureserver.net.;0 smtp.secureserver.net.;;
kinki-kids.com;10 mx01.mail.com.;10 mx00.mail.com.;;
kissfans.com;10 mx00.mail.com.;10 mx01.mail.com.;;
kittymail.com;10 mx01.mail.com.;10 mx00.mail.com.;;
kitznet.at;50 fb.mail.gandi.net.;10 spool.mail.gandi.net.;;
kiwitown.com;;
km.ru;;
kommespaeter.de;10 mx00.emig.gmx.net.;10 mx01.emig.gmx.net.;;
konx.com;;
korea.com;10 r-smtp4.korea.com.;10 r-smtp5.korea.com.;10 r-smtp6.korea.com.;10 r-smtp3.korea.com.;;
koreamail.com;10 mx00.mail.com.;10 mx01.mail.com.;;
krim.ws;1 mail.hope-mail.com.;;
krongthip.com;;
krunis.com;10 mail.krunis.com.;;
ksanmail.com;10 mx.generic-isp.com.;;
ksee24mail.com;10 mx.ksee24mail.com.;;
kukamail.com;;
kulturbetrieb.info;10 box.m1lf.party.;;
kumarweb.com;;
la.com;1 smtp.google.com.;;
ladymail.cz;10 mx2.seznam.cz.;5 mx1.seznam.cz.;;
lagerlouts.com;10 mx3.freeola.com.;10 mx2.freeola.com.;10 mx5.freeola.com.;10 mx4.freeola.com.;;
lakmail.com;;
lamer.hu;10 inmail1.index.hu.;;
land.ru;10 emx.mail.ru.;;
lankamail.com;5 ALT2.ASPMX.L.GOOGLE.com.;10 ASPMX3.GOOGLEMAIL.com.;10 ASPMX2.GOOGLEMAIL.com.;5 ALT1.ASPMX.L.GOOGLE.com.;10 ASPMX4.GOOGLEMAIL.com.;1 ASPMX.L.GOOGLE.com.;10 ASPMX5.GOOGLEMAIL.com.;;
laposte.net;10 smtpz4.laposte.net.;;
lass-es-geschehen.de;10 mx01.emig.gmx.net.;10 mx00.emig.gmx.net.;;
latemodels.com;;
latinmail.com;;
law.com;10 alt3.aspmx.l.google.com.;10 alt4.aspmx.l.google.com.;5 alt1.aspmx.l.google.com.;5 alt2.aspmx.l.google.com.;1 aspmx.l.google.com.;;
lawyer.com;10 mx00.mail.com.;10 mx01.mail.com.;;
leehom.net;10 mx00.mail.com.;10 mx01.mail.com.;;
legislator.com;10 mx00.mail.com.;10 mx01.mail.com.;;
lenta.ru;10 inmx.rambler.ru.;;
leonlai.net;10 mx00.mail.com.;10 mx01.mail.com.;;
letsgomets.net;0 smtp.secureserver.net.;10 mailstore1.secureserver.net.;;
letterboxes.org;10 in1-smtp.messagingengine.com.;20 in2-smtp.messagingengine.com.;;
levele.hu;10 inmail1.index.hu.;;
lex.bg;0 mail.lex.bg.;;
lexis-nexis-mail.com;10 smv06.globecomm.net.;10 smv05.globecomm.net.;10 smv04.globecomm.net.;10 smv03.globecomm.net.;30 mail.globecomm.net.;20 spool.globecomm.net.;10 smv08.globecomm.net.;10 smv07.globecomm.net.;;
libero.it;10 smtp-in.libero.it.;;
liberomail.com;;
lick101.com;10 mx.55mail.jp.;;
liebt-dich.info;10 mx01.emig.gmx.net.;10 mx00.emig.gmx.net.;;
linkmaster.com;0 linkmaster-com.mail.protection.outlook.com.;;
linktrader.com;;
linuxfreemail.com;;
linuxmail.org;10 mx00.mail.com.;10 mx01.mail.com.;;
liontrucks.com;;
liquidinformation.net;;
list.ru;10 mxs.mail.ru.;;
listomail.com;20 mx2.zoho.com.;10 mx.zoho.com.;;
littleapple.com;;
littleblueroom.com;;
live.at;10 eur.olc.protection.outlook.com.;;
live.ca;10 nam.olc.protection.outlook.com.;;
live.cl;10 nam.olc.protection.outlook.com.;;
live.cn;10 apc.olc.protection.outlook.com.;;
live.co.uk;10 eur.olc.protection.outlook.com.;;
live.co.za;10 eur.olc.protection.outlook.com.;;
live.com;2 live-com.olc.protection.outlook.com.;;
live.com.ar;10 nam.olc.protection.outlook.com.;;
live.com.au;10 apc.olc.protection.outlook.com.;;
live.com.mx;10 nam.olc.protection.outlook.com.;;
live.com.pt;10 eur.olc.protection.outlook.com.;;
live.com.sg;10 apc.olc.protection.outlook.com.;;
live.de;10 eur.olc.protection.outlook.com.;;
live.dk;10 eur.olc.protection.outlook.com.;;
live.dk;10 eur.olc.protection.outlook.com.;;
live.fr;10 eur.olc.protection.outlook.com.;;
live.ie;10 eur.olc.protection.outlook.com.;;
live.in;10 apc.olc.protection.outlook.com.;;
live.it;10 eur.olc.protection.outlook.com.;;
live.jp;10 apc.olc.protection.outlook.com.;;
live.nl;10 eur.olc.protection.outlook.com.;;
live.nl;10 eur.olc.protection.outlook.com.;;
live.ru;10 eur.olc.protection.outlook.com.;;
live.se;10 eur.olc.protection.outlook.com.;;
liverpoolfans.com;10 mx3.freeola.com.;10 mx5.freeola.com.;10 mx4.freeola.com.;10 mx2.freeola.com.;;
llandudno.com;10 mx.stackmail.com.;;
llangollen.com;10 mx.stackmail.com.;;
lobbyist.com;10 mx00.mail.com.;10 mx01.mail.com.;;
localbar.com;;
locos.com;;
looksmart.co.uk;0 localhost.;;
looksmart.com;1 aspmx.l.google.com.;10 alt3.aspmx.l.google.com.;10 alt4.aspmx.l.google.com.;5 alt1.aspmx.l.google.com.;5 alt2.aspmx.l.google.com.;;
lopezclub.com;;
louiskoo.com;10 mx01.mail.com.;10 mx00.mail.com.;;
loveable.com;10 mx00.mail.com.;10 mx01.mail.com.;;
lovecat.com;10 mx01.mail.com.;10 mx00.mail.com.;;
lovefootball.com;;
lovelygirl.net;;
lovemail.com;0 smtp.secureserver.net.;10 mailstore1.secureserver.net.;;
lover-boy.com;10 mail.lover-boy.com.;;
lovethebroncos.com;;
loveyouforever.de;10 mx00.emig.gmx.net.;10 mx01.emig.gmx.net.;;
lovingjesus.com;;
lowandslow.com;20 mx2-us1.ppe-hosted.com.;10 mx1-us1.ppe-hosted.com.;;
luukku.com;10 mx.dka.mailcore.net.;;
lvie.com.sg;;
lycos.co.uk;10 mx.lycos.co.uk.cust.b.hostedemail.com.;;
lycos.com;5 mx.lycos.com.cust.b.hostedemail.com.;;
lycos.es;10 mx.lycos.es.cust.b.hostedemail.com.;;
lycos.ne.jp;100 mail-honeypot.unko.co.jp.;;
m-hmail.com;10 mx.55mail.jp.;;
m4.org;;
mac.com;10 mx02.mail.icloud.com.;10 mx3.mail.icloud.com.;10 mx01.mail.icloud.com.;;
macbox.com;30 macbox.com.e.mxof.com.;10 macbox.com.b.mxof.com.;20 macbox.com.c.mxof.com.;10 macbox.com.a.mxof.com.;20 macbox.com.d.mxof.com.;;
macfreak.com;10 alt3.aspmx.l.google.com.;5 alt2.aspmx.l.google.com.;1 aspmx.l.google.com.;10 alt4.aspmx.l.google.com.;5 alt1.aspmx.l.google.com.;;
macmail.com;20 mx03.memail.com.;10 mx01.memail.com.;10 mx02.memail.com.;20 mx04.memail.com.;;
madcreations.com;;
madonnafan.com;10 mx01.mail.com.;10 mx00.mail.com.;;
maennerversteherin.com;10 mx00.emig.gmx.net.;10 mx01.emig.gmx.net.;;
maennerversteherin.de;;
maffia.hu;10 inmail1.index.hu.;;
magicmail.co.za;1 mx.dka.mailcore.net.;;
mail-awu.de;100 mail.mail-awu.de.;;
mail-box.cz;10 mail.domain.sk.;;
mail-center.com;10 mx4.webmail.me.;10 mx1.webmail.me.;10 mx2.webmail.me.;10 mx3.webmail.me.;;
mail-central.com;20 in2-smtp.messagingengine.com.;10 in1-smtp.messagingengine.com.;;
mail-me.com;10 mx00.mail.com.;10 mx01.mail.com.;;
mail-page.com;10 in1-smtp.messagingengine.com.;20 in2-smtp.messagingengine.com.;;
mail.austria.com;;
mail.az;10 mx.mail.az.;;
mail.be;10 smtp2.mail.be.;10 smtp1.mail.be.;;
mail.bulgaria.com;;
mail.co.za;10 mail.mail.co.za.;;
mail.com;10 mx00.mail.com.;10 mx01.mail.com.;;
mail.ee;10 mx.inbox.eu.;;
mail.entrepeneurmag.com;;
mail.freetown.com;1000 0.0.0.0.;;
mail.gr;0 mx-caprica.easydns.com.;;
mail.hitthebeach.com;;
mail.htl22.at;;
mail.md;;
mail.misterpinball.de;10 cat.ch-all.de.;;
mail.nu;3 sitemail3.everyone.net.;4 sitemail4.everyone.net.;1 sitemail.everyone.net.;2 sitemail2.everyone.net.;;
mail.org.uk;;
mail.pf;90 mx2.vini.pf.;5 mx1.vini.pf.;;
mail.pt;20 b.mx.gtt.smail.eu.;10 a.mx.gtt.smail.eu.;;
mail.ru;10 mxs.mail.ru.;;
mail.sisna.com;;
mail.svenz.eu;10 mail.ixlab.de.;;
mail.usa.com;10 mx00.gmx.com.;10 mx01.gmx.com.;;
mail15.com;0 localhost.;;
mail2007.com;10 publicms2.mail2world.com.;5 publicms1.mail2world.com.;;
mail2aaron.com;10 publicms2.mail2world.com.;5 publicms1.mail2world.com.;;
mail2abby.com;10 publicms2.mail2world.com.;5 publicms1.mail2world.com.;;
mail2abc.com;5 publicms1.mail2world.com.;10 publicms2.mail2world.com.;;
mail2actor.com;5 publicms1.mail2world.com.;10 publicms2.mail2world.com.;;
mail2admiral.com;5 publicms1.mail2world.com.;10 publicms2.mail2world.com.;;
mail2adorable.com;10 publicms2.mail2world.com.;5 publicms1.mail2world.com.;;
mail2adoration.com;10 publicms2.mail2world.com.;5 publicms1.mail2world.com.;;
mail2adore.com;10 publicms2.mail2world.com.;5 publicms1.mail2world.com.;;
mail2adventure.com;10 publicms2.mail2world.com.;5 publicms1.mail2world.com.;;
mail2aeolus.com;10 publicms2.mail2world.com.;5 publicms1.mail2world.com.;;
mail2aether.com;10 publicms2.mail2world.com.;5 publicms1.mail2world.com.;;
mail2affection.com;5 publicms1.mail2world.com.;10 publicms2.mail2world.com.;;
mail2afghanistan.com;10 publicms2.mail2world.com.;5 publicms1.mail2world.com.;;
mail2africa.com;10 publicms2.mail2world.com.;5 publicms1.mail2world.com.;;
mail2agent.com;5 publicms1.mail2world.com.;10 publicms2.mail2world.com.;;
mail2aha.com;10 publicms2.mail2world.com.;5 publicms1.mail2world.com.;;
mail2ahoy.com;5 publicms1.mail2world.com.;10 publicms2.mail2world.com.;;
mail2aim.com;10 publicms2.mail2world.com.;5 publicms1.mail2world.com.;;
mail2air.com;5 publicms1.mail2world.com.;10 publicms2.mail2world.com.;;
mail2airbag.com;10 publicms2.mail2world.com.;5 publicms1.mail2world.com.;;
mail2airforce.com;10 publicms2.mail2world.com.;5 publicms1.mail2world.com.;;
mail2airport.com;5 publicms1.mail2world.com.;10 publicms2.mail2world.com.;;
mail2alabama.com;5 publicms1.mail2world.com.;10 publicms2.mail2world.com.;;
mail2alan.com;5 publicms1.mail2world.com.;10 publicms2.mail2world.com.;;
mail2alaska.com;5 publicms1.mail2world.com.;10 publicms2.mail2world.com.;;
mail2albania.com;10 publicms2.mail2world.com.;5 publicms1.mail2world.com.;;
mail2alcoholic.com;5 publicms1.mail2world.com.;10 publicms2.mail2world.com.;;
mail2alec.com;10 publicms2.mail2world.com.;5 publicms1.mail2world.com.;;
mail2alexa.com;10 publicms2.mail2world.com.;5 publicms1.mail2world.com.;;
mail2algeria.com;10 publicms2.mail2world.com.;5 publicms1.mail2world.com.;;
mail2alicia.com;5 publicms1.mail2world.com.;10 publicms2.mail2world.com.;;
mail2alien.com;5 publicms1.mail2world.com.;10 publicms2.mail2world.com.;;
mail2allan.com;5 publicms1.mail2world.com.;10 publicms2.mail2world.com.;;
mail2allen.com;5 publicms1.mail2world.com.;10 publicms2.mail2world.com.;;
mail2allison.com;5 publicms1.mail2world.com.;10 publicms2.mail2world.com.;;
mail2alpha.com;10 publicms2.mail2world.com.;5 publicms1.mail2world.com.;;
mail2alyssa.com;10 publicms2.mail2world.com.;5 publicms1.mail2world.com.;;
mail2amanda.com;10 publicms2.mail2world.com.;5 publicms1.mail2world.com.;;
mail2amazing.com;5 publicms1.mail2world.com.;10 publicms2.mail2world.com.;;
mail2amber.com;10 publicms2.mail2world.com.;5 publicms1.mail2world.com.;;
mail2america.com;5 publicms1.mail2world.com.;10 publicms2.mail2world.com.;;
mail2american.com;5 publicms1.mail2world.com.;10 publicms2.mail2world.com.;;
mail2andorra.com;10 publicms2.mail2world.com.;5 publicms1.mail2world.com.;;
mail2andrea.com;10 publicms2.mail2world.com.;5 publicms1.mail2world.com.;;
mail2andy.com;10 publicms2.mail2world.com.;5 publicms1.mail2world.com.;;
mail2anesthesiologist.com;5 publicms1.mail2world.com.;10 publicms2.mail2world.com.;;
mail2angela.com;5 publicms1.mail2world.com.;10 publicms2.mail2world.com.;;
mail2angola.com;5 publicms1.mail2world.com.;10 publicms2.mail2world.com.;;
mail2ann.com;10 publicms2.mail2world.com.;5 publicms1.mail2world.com.;;
mail2anna.com;5 publicms1.mail2world.com.;10 publicms2.mail2world.com.;;
mail2anne.com;10 publicms2.mail2world.com.;5 publicms1.mail2world.com.;;
mail2anthony.com;10 publicms2.mail2world.com.;5 publicms1.mail2world.com.;;
mail2aphrodite.com;5 publicms1.mail2world.com.;10 publicms2.mail2world.com.;;
mail2apollo.com;5 publicms1.mail2world.com.;10 publicms2.mail2world.com.;;
mail2april.com;5 publicms1.mail2world.com.;10 publicms2.mail2world.com.;;
mail2aquarius.com;5 publicms1.mail2world.com.;10 publicms2.mail2world.com.;;
mail2arabia.com;5 publicms1.mail2world.com.;10 publicms2.mail2world.com.;;
mail2arabic.com;10 publicms2.mail2world.com.;5 publicms1.mail2world.com.;;
mail2architect.com;10 publicms2.mail2world.com.;5 publicms1.mail2world.com.;;
mail2ares.com;10 publicms2.mail2world.com.;5 publicms1.mail2world.com.;;
mail2argentina.com;5 publicms1.mail2world.com.;10 publicms2.mail2world.com.;;
mail2aries.com;10 publicms2.mail2world.com.;5 publicms1.mail2world.com.;;
mail2arizona.com;10 publicms2.mail2world.com.;5 publicms1.mail2world.com.;;
mail2arkansas.com;5 publicms1.mail2world.com.;10 publicms2.mail2world.com.;;
mail2armenia.com;5 publicms1.mail2world.com.;10 publicms2.mail2world.com.;;
mail2army.com;10 publicms2.mail2world.com.;5 publicms1.mail2world.com.;;
mail2arnold.com;5 publicms1.mail2world.com.;10 publicms2.mail2world.com.;;
mail2art.com;5 publicms1.mail2world.com.;10 publicms2.mail2world.com.;;
mail2arthur.com;5 publicms1.mail2world.com.;10 publicms2.mail2world.com.;;
mail2artist.com;10 publicms2.mail2world.com.;5 publicms1.mail2world.com.;;
mail2ashley.com;10 publicms2.mail2world.com.;5 publicms1.mail2world.com.;;
mail2ask.com;5 publicms1.mail2world.com.;10 publicms2.mail2world.com.;;
mail2astronomer.com;5 publicms1.mail2world.com.;10 publicms2.mail2world.com.;;
mail2athena.com;10 publicms2.mail2world.com.;5 publicms1.mail2world.com.;;
mail2athlete.com;10 publicms2.mail2world.com.;5 publicms1.mail2world.com.;;
mail2atlas.com;10 publicms2.mail2world.com.;5 publicms1.mail2world.com.;;
mail2atom.com;10 publicms2.mail2world.com.;5 publicms1.mail2world.com.;;
mail2attitude.com;5 publicms1.mail2world.com.;10 publicms2.mail2world.com.;;
mail2auction.com;10 publicms2.mail2world.com.;5 publicms1.mail2world.com.;;
mail2aunt.com;5 publicms1.mail2world.com.;10 publicms2.mail2world.com.;;
mail2australia.com;5 publicms1.mail2world.com.;10 publicms2.mail2world.com.;;
mail2austria.com;5 publicms1.mail2world.com.;10 publicms2.mail2world.com.;;
mail2azerbaijan.com;5 publicms1.mail2world.com.;10 publicms2.mail2world.com.;;
mail2baby.com;5 publicms1.mail2world.com.;10 publicms2.mail2world.com.;;
mail2bahamas.com;5 publicms1.mail2world.com.;10 publicms2.mail2world.com.;;
mail2bahrain.com;10 publicms2.mail2world.com.;5 publicms1.mail2world.com.;;
mail2ballerina.com;10 publicms2.mail2world.com.;5 publicms1.mail2world.com.;;
mail2ballplayer.com;10 publicms2.mail2world.com.;5 publicms1.mail2world.com.;;
mail2band.com;5 publicms1.mail2world.com.;10 publicms2.mail2world.com.;;
mail2bangladesh.com;5 publicms1.mail2world.com.;10 publicms2.mail2world.com.;;
mail2bank.com;10 publicms2.mail2world.com.;5 publicms1.mail2world.com.;;
mail2banker.com;5 publicms1.mail2world.com.;10 publicms2.mail2world.com.;;
mail2bankrupt.com;10 publicms2.mail2world.com.;5 publicms1.mail2world.com.;;
mail2baptist.com;10 publicms2.mail2world.com.;5 publicms1.mail2world.com.;;
mail2bar.com;5 publicms1.mail2world.com.;10 publicms2.mail2world.com.;;
mail2barbados.com;10 publicms2.mail2world.com.;5 publicms1.mail2world.com.;;
mail2barbara.com;5 publicms1.mail2world.com.;10 publicms2.mail2world.com.;;
mail2barter.com;5 publicms1.mail2world.com.;10 publicms2.mail2world.com.;;
mail2basketball.com;10 publicms2.mail2world.com.;5 publicms1.mail2world.com.;;
mail2batter.com;10 publicms2.mail2world.com.;5 publicms1.mail2world.com.;;
mail2beach.com;5 publicms1.mail2world.com.;10 publicms2.mail2world.com.;;
mail2beast.com;5 publicms1.mail2world.com.;10 publicms2.mail2world.com.;;
mail2beatles.com;5 publicms1.mail2world.com.;10 publicms2.mail2world.com.;;
mail2beauty.com;10 publicms2.mail2world.com.;5 publicms1.mail2world.com.;;
mail2becky.com;5 publicms1.mail2world.com.;10 publicms2.mail2world.com.;;
mail2beijing.com;5 publicms1.mail2world.com.;10 publicms2.mail2world.com.;;
mail2belgium.com;5 publicms1.mail2world.com.;10 publicms2.mail2world.com.;;
mail2belize.com;10 publicms2.mail2world.com.;5 publicms1.mail2world.com.;;
mail2ben.com;10 publicms2.mail2world.com.;5 publicms1.mail2world.com.;;
mail2bernard.com;5 publicms1.mail2world.com.;10 publicms2.mail2world.com.;;
mail2beth.com;5 publicms1.mail2world.com.;10 publicms2.mail2world.com.;;
mail2betty.com;10 publicms2.mail2world.com.;5 publicms1.mail2world.com.;;
mail2beverly.com;5 publicms1.mail2world.com.;10 publicms2.mail2world.com.;;
mail2beyond.com;10 publicms2.mail2world.com.;5 publicms1.mail2world.com.;;
mail2biker.com;10 publicms2.mail2world.com.;5 publicms1.mail2world.com.;;
mail2bill.com;5 publicms1.mail2world.com.;10 publicms2.mail2world.com.;;
mail2billionaire.com;10 publicms2.mail2world.com.;5 publicms1.mail2world.com.;;
mail2billy.com;5 publicms1.mail2world.com.;10 publicms2.mail2world.com.;;
mail2bio.com;10 publicms2.mail2world.com.;5 publicms1.mail2world.com.;;
mail2biologist.com;10 publicms2.mail2world.com.;5 publicms1.mail2world.com.;;
mail2black.com;10 publicms2.mail2world.com.;5 publicms1.mail2world.com.;;
mail2blackbelt.com;10 publicms2.mail2world.com.;5 publicms1.mail2world.com.;;
mail2blake.com;5 publicms1.mail2world.com.;10 publicms2.mail2world.com.;;
mail2blind.com;5 publicms1.mail2world.com.;10 publicms2.mail2world.com.;;
mail2blonde.com;10 publicms2.mail2world.com.;5 publicms1.mail2world.com.;;
mail2blues.com;10 publicms2.mail2world.com.;5 publicms1.mail2world.com.;;
mail2bob.com;10 publicms2.mail2world.com.;5 publicms1.mail2world.com.;;
mail2bobby.com;10 publicms2.mail2world.com.;5 publicms1.mail2world.com.;;
mail2bolivia.com;10 publicms2.mail2world.com.;5 publicms1.mail2world.com.;;
mail2bombay.com;10 publicms2.mail2world.com.;5 publicms1.mail2world.com.;;
mail2bonn.com;5 publicms1.mail2world.com.;10 publicms2.mail2world.com.;;
mail2bookmark.com;5 publicms1.mail2world.com.;10 publicms2.mail2world.com.;;
mail2boreas.com;10 publicms2.mail2world.com.;5 publicms1.mail2world.com.;;
mail2bosnia.com;10 publicms2.mail2world.com.;5 publicms1.mail2world.com.;;
mail2boston.com;10 publicms2.mail2world.com.;5 publicms1.mail2world.com.;;
mail2botswana.com;10 publicms2.mail2world.com.;5 publicms1.mail2world.com.;;
mail2bradley.com;10 publicms2.mail2world.com.;5 publicms1.mail2world.com.;;
mail2brazil.com;5 publicms1.mail2world.com.;10 publicms2.mail2world.com.;;
mail2breakfast.com;10 publicms2.mail2world.com.;5 publicms1.mail2world.com.;;
mail2brian.com;10 publicms2.mail2world.com.;5 publicms1.mail2world.com.;;
mail2bride.com;10 publicms2.mail2world.com.;5 publicms1.mail2world.com.;;
mail2brittany.com;5 publicms1.mail2world.com.;10 publicms2.mail2world.com.;;
mail2broker.com;5 publicms1.mail2world.com.;10 publicms2.mail2world.com.;;
mail2brook.com;10 publicms2.mail2world.com.;5 publicms1.mail2world.com.;;
mail2bruce.com;10 publicms2.mail2world.com.;5 publicms1.mail2world.com.;;
mail2brunei.com;10 publicms2.mail2world.com.;5 publicms1.mail2world.com.;;
mail2brunette.com;5 publicms1.mail2world.com.;10 publicms2.mail2world.com.;;
mail2brussels.com;5 publicms1.mail2world.com.;10 publicms2.mail2world.com.;;
mail2bryan.com;10 publicms2.mail2world.com.;5 publicms1.mail2world.com.;;
mail2bug.com;10 publicms2.mail2world.com.;5 publicms1.mail2world.com.;;
mail2bulgaria.com;10 publicms2.mail2world.com.;5 publicms1.mail2world.com.;;
mail2business.com;10 publicms2.mail2world.com.;5 publicms1.mail2world.com.;;
mail2buy.com;10 publicms2.mail2world.com.;5 publicms1.mail2world.com.;;
mail2ca.com;5 publicms1.mail2world.com.;10 publicms2.mail2world.com.;;
mail2california.com;10 publicms2.mail2world.com.;5 publicms1.mail2world.com.;;
mail2calvin.com;10 publicms2.mail2world.com.;5 publicms1.mail2world.com.;;
mail2cambodia.com;5 publicms1.mail2world.com.;10 publicms2.mail2world.com.;;
mail2cameroon.com;5 publicms1.mail2world.com.;10 publicms2.mail2world.com.;;
mail2canada.com;10 publicms2.mail2world.com.;5 publicms1.mail2world.com.;;
mail2cancer.com;10 publicms2.mail2world.com.;5 publicms1.mail2world.com.;;
mail2capeverde.com;5 publicms1.mail2world.com.;10 publicms2.mail2world.com.;;
mail2capricorn.com;10 publicms2.mail2world.com.;5 publicms1.mail2world.com.;;
mail2cardinal.com;10 publicms2.mail2world.com.;5 publicms1.mail2world.com.;;
mail2cardiologist.com;5 publicms1.mail2world.com.;10 publicms2.mail2world.com.;;
mail2care.com;5 publicms1.mail2world.com.;10 publicms2.mail2world.com.;;
mail2caroline.com;10 publicms2.mail2world.com.;5 publicms1.mail2world.com.;;
mail2carolyn.com;5 publicms1.mail2world.com.;10 publicms2.mail2world.com.;;
mail2casey.com;10 publicms2.mail2world.com.;5 publicms1.mail2world.com.;;
mail2cat.com;5 publicms1.mail2world.com.;10 publicms2.mail2world.com.;;
mail2caterer.com;5 publicms1.mail2world.com.;10 publicms2.mail2world.com.;;
mail2cathy.com;5 publicms1.mail2world.com.;10 publicms2.mail2world.com.;;
mail2catlover.com;10 publicms2.mail2world.com.;5 publicms1.mail2world.com.;;
mail2catwalk.com;5 publicms1.mail2world.com.;10 publicms2.mail2world.com.;;
mail2cell.com;10 publicms2.mail2world.com.;5 publicms1.mail2world.com.;;
mail2chad.com;5 publicms1.mail2world.com.;10 publicms2.mail2world.com.;;
mail2champaign.com;5 publicms1.mail2world.com.;10 publicms2.mail2world.com.;;
mail2charles.com;5 publicms1.mail2world.com.;10 publicms2.mail2world.com.;;
mail2chef.com;5 publicms1.mail2world.com.;10 publicms2.mail2world.com.;;
mail2chemist.com;5 publicms1.mail2world.com.;10 publicms2.mail2world.com.;;
mail2cherry.com;5 publicms1.mail2world.com.;10 publicms2.mail2world.com.;;
mail2chicago.com;5 publicms1.mail2world.com.;10 publicms2.mail2world.com.;;
mail2chile.com;5 publicms1.mail2world.com.;10 publicms2.mail2world.com.;;
mail2china.com;10 publicms2.mail2world.com.;5 publicms1.mail2world.com.;;
mail2chinese.com;5 publicms1.mail2world.com.;10 publicms2.mail2world.com.;;
mail2chocolate.com;5 publicms1.mail2world.com.;10 publicms2.mail2world.com.;;
mail2christian.com;5 publicms1.mail2world.com.;10 publicms2.mail2world.com.;;
mail2christie.com;10 publicms2.mail2world.com.;5 publicms1.mail2world.com.;;
mail2christmas.com;10 publicms2.mail2world.com.;5 publicms1.mail2world.com.;;
mail2christy.com;10 publicms2.mail2world.com.;5 publicms1.mail2world.com.;;
mail2chuck.com;10 publicms2.mail2world.com.;5 publicms1.mail2world.com.;;
mail2cindy.com;5 publicms1.mail2world.com.;10 publicms2.mail2world.com.;;
mail2clark.com;5 publicms1.mail2world.com.;10 publicms2.mail2world.com.;;
mail2classifieds.com;5 publicms1.mail2world.com.;10 publicms2.mail2world.com.;;
mail2claude.com;10 publicms2.mail2world.com.;5 publicms1.mail2world.com.;;
mail2cliff.com;10 publicms2.mail2world.com.;5 publicms1.mail2world.com.;;
mail2clinic.com;5 publicms1.mail2world.com.;10 publicms2.mail2world.com.;;
mail2clint.com;5 publicms1.mail2world.com.;10 publicms2.mail2world.com.;;
mail2close.com;5 publicms1.mail2world.com.;10 publicms2.mail2world.com.;;
mail2club.com;10 publicms2.mail2world.com.;5 publicms1.mail2world.com.;;
mail2coach.com;10 publicms2.mail2world.com.;5 publicms1.mail2world.com.;;
mail2coastguard.com;10 publicms2.mail2world.com.;5 publicms1.mail2world.com.;;
mail2colin.com;5 publicms1.mail2world.com.;10 publicms2.mail2world.com.;;
mail2college.com;5 publicms1.mail2world.com.;10 publicms2.mail2world.com.;;
mail2color.com;5 publicms1.mail2world.com.;10 publicms2.mail2world.com.;;
mail2colorado.com;10 publicms2.mail2world.com.;5 publicms1.mail2world.com.;;
mail2columbia.com;5 publicms1.mail2world.com.;10 publicms2.mail2world.com.;;
mail2comedian.com;10 publicms2.mail2world.com.;5 publicms1.mail2world.com.;;
mail2composer.com;10 publicms2.mail2world.com.;5 publicms1.mail2world.com.;;
mail2computer.com;5 publicms1.mail2world.com.;10 publicms2.mail2world.com.;;
mail2computers.com;10 publicms2.mail2world.com.;5 publicms1.mail2world.com.;;
mail2concert.com;10 publicms2.mail2world.com.;5 publicms1.mail2world.com.;;
mail2congo.com;5 publicms1.mail2world.com.;10 publicms2.mail2world.com.;;
mail2connect.com;5 publicms1.mail2world.com.;10 publicms2.mail2world.com.;;
mail2connecticut.com;5 publicms1.mail2world.com.;10 publicms2.mail2world.com.;;
mail2consultant.com;10 publicms2.mail2world.com.;5 publicms1.mail2world.com.;;
mail2convict.com;5 publicms1.mail2world.com.;10 publicms2.mail2world.com.;;
mail2cook.com;10 publicms2.mail2world.com.;5 publicms1.mail2world.com.;;
mail2cool.com;10 publicms2.mail2world.com.;5 publicms1.mail2world.com.;;
mail2cory.com;5 publicms1.mail2world.com.;10 publicms2.mail2world.com.;;
mail2costarica.com;10 publicms2.mail2world.com.;5 publicms1.mail2world.com.;;
mail2country.com;10 publicms2.mail2world.com.;5 publicms1.mail2world.com.;;
mail2courtney.com;5 publicms1.mail2world.com.;10 publicms2.mail2world.com.;;
mail2cowboy.com;10 publicms2.mail2world.com.;5 publicms1.mail2world.com.;;
mail2cowgirl.com;5 publicms1.mail2world.com.;10 publicms2.mail2world.com.;;
mail2craig.com;10 publicms2.mail2world.com.;5 publicms1.mail2world.com.;;
mail2crave.com;10 publicms2.mail2world.com.;5 publicms1.mail2world.com.;;
mail2crazy.com;5 publicms1.mail2world.com.;10 publicms2.mail2world.com.;;
mail2create.com;10 publicms2.mail2world.com.;5 publicms1.mail2world.com.;;
mail2croatia.com;10 publicms2.mail2world.com.;5 publicms1.mail2world.com.;;
mail2cry.com;10 publicms2.mail2world.com.;5 publicms1.mail2world.com.;;
mail2crystal.com;5 publicms1.mail2world.com.;10 publicms2.mail2world.com.;;
mail2cuba.com;5 publicms1.mail2world.com.;10 publicms2.mail2world.com.;;
mail2culture.com;5 publicms1.mail2world.com.;10 publicms2.mail2world.com.;;
mail2curt.com;5 publicms1.mail2world.com.;10 publicms2.mail2world.com.;;
mail2customs.com;10 publicms2.mail2world.com.;5 publicms1.mail2world.com.;;
mail2cute.com;5 publicms1.mail2world.com.;10 publicms2.mail2world.com.;;
mail2cutey.com;10 publicms2.mail2world.com.;5 publicms1.mail2world.com.;;
mail2cynthia.com;10 publicms2.mail2world.com.;5 publicms1.mail2world.com.;;
mail2cyprus.com;5 publicms1.mail2world.com.;10 publicms2.mail2world.com.;;
mail2czechrepublic.com;10 publicms2.mail2world.com.;5 publicms1.mail2world.com.;;
mail2dad.com;5 publicms1.mail2world.com.;10 publicms2.mail2world.com.;;
mail2dale.com;10 publicms2.mail2world.com.;5 publicms1.mail2world.com.;;
mail2dallas.com;5 publicms1.mail2world.com.;10 publicms2.mail2world.com.;;
mail2dan.com;5 publicms1.mail2world.com.;10 publicms2.mail2world.com.;;
mail2dana.com;10 publicms2.mail2world.com.;5 publicms1.mail2world.com.;;
mail2dance.com;5 publicms1.mail2world.com.;10 publicms2.mail2world.com.;;
mail2dancer.com;10 publicms2.mail2world.com.;5 publicms1.mail2world.com.;;
mail2danielle.com;5 publicms1.mail2world.com.;10 publicms2.mail2world.com.;;
mail2danny.com;10 publicms2.mail2world.com.;5 publicms1.mail2world.com.;;
mail2darlene.com;10 publicms2.mail2world.com.;5 publicms1.mail2world.com.;;
mail2darling.com;10 publicms2.mail2world.com.;5 publicms1.mail2world.com.;;
mail2darren.com;10 publicms2.mail2world.com.;5 publicms1.mail2world.com.;;
mail2daughter.com;5 publicms1.mail2world.com.;10 publicms2.mail2world.com.;;
mail2dave.com;5 publicms1.mail2world.com.;10 publicms2.mail2world.com.;;
mail2dawn.com;5 publicms1.mail2world.com.;10 publicms2.mail2world.com.;;
mail2dc.com;5 publicms1.mail2world.com.;10 publicms2.mail2world.com.;;
mail2dealer.com;10 publicms2.mail2world.com.;5 publicms1.mail2world.com.;;
mail2deanna.com;5 publicms1.mail2world.com.;10 publicms2.mail2world.com.;;
mail2dearest.com;5 publicms1.mail2world.com.;10 publicms2.mail2world.com.;;
mail2debbie.com;5 publicms1.mail2world.com.;10 publicms2.mail2world.com.;;
mail2debby.com;5 publicms1.mail2world.com.;10 publicms2.mail2world.com.;;
mail2deer.com;5 publicms1.mail2world.com.;10 publicms2.mail2world.com.;;
mail2delaware.com;5 publicms1.mail2world.com.;10 publicms2.mail2world.com.;;
mail2delicious.com;5 publicms1.mail2world.com.;10 publicms2.mail2world.com.;;
mail2demeter.com;10 publicms2.mail2world.com.;5 publicms1.mail2world.com.;;
mail2democrat.com;10 publicms2.mail2world.com.;5 publicms1.mail2world.com.;;
mail2denise.com;5 publicms1.mail2world.com.;10 publicms2.mail2world.com.;;
mail2denmark.com;5 publicms1.mail2world.com.;10 publicms2.mail2world.com.;;
mail2dennis.com;10 publicms2.mail2world.com.;5 publicms1.mail2world.com.;;
mail2dentist.com;5 publicms1.mail2world.com.;10 publicms2.mail2world.com.;;
mail2derek.com;5 publicms1.mail2world.com.;10 publicms2.mail2world.com.;;
mail2desert.com;10 publicms2.mail2world.com.;5 publicms1.mail2world.com.;;
mail2devoted.com;5 publicms1.mail2world.com.;10 publicms2.mail2world.com.;;
mail2devotion.com;10 publicms2.mail2world.com.;5 publicms1.mail2world.com.;;
mail2diamond.com;5 publicms1.mail2world.com.;10 publicms2.mail2world.com.;;
mail2diana.com;5 publicms1.mail2world.com.;10 publicms2.mail2world.com.;;
mail2diane.com;5 publicms1.mail2world.com.;10 publicms2.mail2world.com.;;
mail2diehard.com;5 publicms1.mail2world.com.;10 publicms2.mail2world.com.;;
mail2dilemma.com;5 publicms1.mail2world.com.;10 publicms2.mail2world.com.;;
mail2dillon.com;5 publicms1.mail2world.com.;10 publicms2.mail2world.com.;;
mail2dinner.com;5 publicms1.mail2world.com.;10 publicms2.mail2world.com.;;
mail2dinosaur.com;5 publicms1.mail2world.com.;10 publicms2.mail2world.com.;;
mail2dionysos.com;5 publicms1.mail2world.com.;10 publicms2.mail2world.com.;;
mail2diplomat.com;10 publicms2.mail2world.com.;5 publicms1.mail2world.com.;;
mail2director.com;5 publicms1.mail2world.com.;10 publicms2.mail2world.com.;;
mail2dirk.com;5 publicms1.mail2world.com.;10 publicms2.mail2world.com.;;
mail2disco.com;5 publicms1.mail2world.com.;10 publicms2.mail2world.com.;;
mail2dive.com;10 publicms2.mail2world.com.;5 publicms1.mail2world.com.;;
mail2diver.com;9 publicms2.mail2world.com.;5 publicms1.mail2world.com.;;
mail2divorced.com;10 publicms2.mail2world.com.;5 publicms1.mail2world.com.;;
mail2djibouti.com;5 publicms1.mail2world.com.;10 publicms2.mail2world.com.;;
mail2doctor.com;10 publicms2.mail2world.com.;5 publicms1.mail2world.com.;;
mail2doglover.com;10 publicms2.mail2world.com.;5 publicms1.mail2world.com.;;
mail2dominic.com;5 publicms1.mail2world.com.;10 publicms2.mail2world.com.;;
mail2dominica.com;5 publicms1.mail2world.com.;10 publicms2.mail2world.com.;;
mail2dominicanrepublic.com;10 publicms2.mail2world.com.;5 publicms1.mail2world.com.;;
mail2don.com;5 publicms1.mail2world.com.;10 publicms2.mail2world.com.;;
mail2donald.com;10 publicms2.mail2world.com.;5 publicms1.mail2world.com.;;
mail2donna.com;10 publicms2.mail2world.com.;5 publicms1.mail2world.com.;;
mail2doris.com;10 publicms2.mail2world.com.;5 publicms1.mail2world.com.;;
mail2dorothy.com;10 publicms2.mail2world.com.;5 publicms1.mail2world.com.;;
mail2doug.com;10 publicms2.mail2world.com.;5 publicms1.mail2world.com.;;
mail2dough.com;5 publicms1.mail2world.com.;10 publicms2.mail2world.com.;;
mail2douglas.com;5 publicms1.mail2world.com.;10 publicms2.mail2world.com.;;
mail2dow.com;10 publicms2.mail2world.com.;5 publicms1.mail2world.com.;;
mail2downtown.com;10 publicms2.mail2world.com.;5 publicms1.mail2world.com.;;
mail2dream.com;10 publicms2.mail2world.com.;5 publicms1.mail2world.com.;;
mail2dreamer.com;10 publicms2.mail2world.com.;5 publicms1.mail2world.com.;;
mail2dude.com;10 publicms2.mail2world.com.;5 publicms1.mail2world.com.;;
mail2dustin.com;5 publicms1.mail2world.com.;10 publicms2.mail2world.com.;;
mail2dyke.com;10 publicms2.mail2world.com.;5 publicms1.mail2world.com.;;
mail2dylan.com;10 publicms2.mail2world.com.;5 publicms1.mail2world.com.;;
mail2earl.com;5 publicms1.mail2world.com.;10 publicms2.mail2world.com.;;
mail2earth.com;10 publicms2.mail2world.com.;5 publicms1.mail2world.com.;;
mail2eastend.com;5 publicms1.mail2world.com.;10 publicms2.mail2world.com.;;
mail2eat.com;10 publicms2.mail2world.com.;5 publicms1.mail2world.com.;;
mail2economist.com;5 publicms1.mail2world.com.;10 publicms2.mail2world.com.;;
mail2ecuador.com;5 publicms1.mail2world.com.;10 publicms2.mail2world.com.;;
mail2eddie.com;5 publicms1.mail2world.com.;10 publicms2.mail2world.com.;;
mail2edgar.com;10 publicms2.mail2world.com.;5 publicms1.mail2world.com.;;
mail2edwin.com;10 publicms2.mail2world.com.;5 publicms1.mail2world.com.;;
mail2egypt.com;5 publicms1.mail2world.com.;10 publicms2.mail2world.com.;;
mail2electron.com;5 publicms1.mail2world.com.;10 publicms2.mail2world.com.;;
mail2eli.com;5 publicms1.mail2world.com.;10 publicms2.mail2world.com.;;
mail2elizabeth.com;10 publicms2.mail2world.com.;5 publicms1.mail2world.com.;;
mail2ellen.com;10 publicms2.mail2world.com.;5 publicms1.mail2world.com.;;
mail2elliot.com;10 publicms2.mail2world.com.;5 publicms1.mail2world.com.;;
mail2elsalvador.com;5 publicms1.mail2world.com.;10 publicms2.mail2world.com.;;
mail2elvis.com;10 publicms2.mail2world.com.;5 publicms1.mail2world.com.;;
mail2emergency.com;5 publicms1.mail2world.com.;10 publicms2.mail2world.com.;;
mail2emily.com;5 publicms1.mail2world.com.;10 publicms2.mail2world.com.;;
mail2engineer.com;5 publicms1.mail2world.com.;10 publicms2.mail2world.com.;;
mail2english.com;5 publicms1.mail2world.com.;10 publicms2.mail2world.com.;;
mail2environmentalist.com;5 publicms1.mail2world.com.;10 publicms2.mail2world.com.;;
mail2eos.com;5 publicms1.mail2world.com.;10 publicms2.mail2world.com.;;
mail2eric.com;5 publicms1.mail2world.com.;10 publicms2.mail2world.com.;;
mail2erica.com;5 publicms1.mail2world.com.;10 publicms2.mail2world.com.;;
mail2erin.com;10 publicms2.mail2world.com.;5 publicms1.mail2world.com.;;
mail2erinyes.com;5 publicms1.mail2world.com.;10 publicms2.mail2world.com.;;
mail2eris.com;5 publicms1.mail2world.com.;10 publicms2.mail2world.com.;;
mail2eritrea.com;10 publicms2.mail2world.com.;5 publicms1.mail2world.com.;;
mail2ernie.com;10 publicms2.mail2world.com.;5 publicms1.mail2world.com.;;
mail2eros.com;10 publicms2.mail2world.com.;5 publicms1.mail2world.com.;;
mail2estonia.com;5 publicms1.mail2world.com.;10 publicms2.mail2world.com.;;
mail2ethan.com;10 publicms2.mail2world.com.;5 publicms1.mail2world.com.;;
mail2ethiopia.com;10 publicms2.mail2world.com.;5 publicms1.mail2world.com.;;
mail2eu.com;10 publicms2.mail2world.com.;5 publicms1.mail2world.com.;;
mail2europe.com;10 publicms2.mail2world.com.;5 publicms1.mail2world.com.;;
mail2eurus.com;5 publicms1.mail2world.com.;10 publicms2.mail2world.com.;;
mail2eva.com;10 publicms2.mail2world.com.;5 publicms1.mail2world.com.;;
mail2evan.com;10 publicms2.mail2world.com.;5 publicms1.mail2world.com.;;
mail2evelyn.com;5 publicms1.mail2world.com.;10 publicms2.mail2world.com.;;
mail2everything.com;5 publicms1.mail2world.com.;10 publicms2.mail2world.com.;;
mail2exciting.com;10 publicms2.mail2world.com.;5 publicms1.mail2world.com.;;
mail2expert.com;10 publicms2.mail2world.com.;5 publicms1.mail2world.com.;;
mail2fairy.com;10 publicms2.mail2world.com.;5 publicms1.mail2world.com.;;
mail2faith.com;10 publicms2.mail2world.com.;5 publicms1.mail2world.com.;;
mail2fanatic.com;10 publicms2.mail2world.com.;5 publicms1.mail2world.com.;;
mail2fancy.com;5 publicms1.mail2world.com.;10 publicms2.mail2world.com.;;
mail2fantasy.com;10 publicms2.mail2world.com.;5 publicms1.mail2world.com.;;
mail2farm.com;5 publicms1.mail2world.com.;10 publicms2.mail2world.com.;;
mail2farmer.com;10 publicms2.mail2world.com.;5 publicms1.mail2world.com.;;
mail2fashion.com;10 publicms2.mail2world.com.;5 publicms1.mail2world.com.;;
mail2fat.com;5 publicms1.mail2world.com.;10 publicms2.mail2world.com.;;
mail2feeling.com;10 publicms2.mail2world.com.;5 publicms1.mail2world.com.;;
mail2female.com;10 publicms2.mail2world.com.;5 publicms1.mail2world.com.;;
mail2fever.com;10 publicms2.mail2world.com.;5 publicms1.mail2world.com.;;
mail2fighter.com;5 publicms1.mail2world.com.;10 publicms2.mail2world.com.;;
mail2fiji.com;5 publicms1.mail2world.com.;10 publicms2.mail2world.com.;;
mail2filmfestival.com;10 publicms2.mail2world.com.;5 publicms1.mail2world.com.;;
mail2films.com;10 publicms2.mail2world.com.;5 publicms1.mail2world.com.;;
mail2finance.com;5 publicms1.mail2world.com.;10 publicms2.mail2world.com.;;
mail2finland.com;5 publicms1.mail2world.com.;10 publicms2.mail2world.com.;;
mail2fireman.com;10 publicms2.mail2world.com.;5 publicms1.mail2world.com.;;
mail2firm.com;10 publicms2.mail2world.com.;5 publicms1.mail2world.com.;;
mail2fisherman.com;10 publicms2.mail2world.com.;5 publicms1.mail2world.com.;;
mail2flexible.com;10 publicms2.mail2world.com.;5 publicms1.mail2world.com.;;
mail2florence.com;5 publicms1.mail2world.com.;10 publicms2.mail2world.com.;;
mail2florida.com;5 publicms1.mail2world.com.;10 publicms2.mail2world.com.;;
mail2floyd.com;10 publicms2.mail2world.com.;5 publicms1.mail2world.com.;;
mail2fly.com;5 publicms1.mail2world.com.;10 publicms2.mail2world.com.;;
mail2fond.com;5 publicms1.mail2world.com.;10 publicms2.mail2world.com.;;
mail2fondness.com;10 publicms2.mail2world.com.;5 publicms1.mail2world.com.;;
mail2football.com;5 publicms1.mail2world.com.;10 publicms2.mail2world.com.;;
mail2footballfan.com;10 publicms2.mail2world.com.;5 publicms1.mail2world.com.;;
mail2found.com;10 publicms2.mail2world.com.;5 publicms1.mail2world.com.;;
mail2france.com;5 publicms1.mail2world.com.;10 publicms2.mail2world.com.;;
mail2frank.com;5 publicms1.mail2world.com.;10 publicms2.mail2world.com.;;
mail2frankfurt.com;10 publicms2.mail2world.com.;5 publicms1.mail2world.com.;;
mail2franklin.com;10 publicms2.mail2world.com.;5 publicms1.mail2world.com.;;
mail2fred.com;5 publicms1.mail2world.com.;10 publicms2.mail2world.com.;;
mail2freddie.com;10 publicms2.mail2world.com.;5 publicms1.mail2world.com.;;
mail2free.com;10 publicms2.mail2world.com.;5 publicms1.mail2world.com.;;
mail2freedom.com;10 publicms2.mail2world.com.;5 publicms1.mail2world.com.;;
mail2french.com;10 publicms2.mail2world.com.;5 publicms1.mail2world.com.;;
mail2freudian.com;10 publicms2.mail2world.com.;5 publicms1.mail2world.com.;;
mail2friendship.com;5 publicms1.mail2world.com.;10 publicms2.mail2world.com.;;
mail2from.com;5 publicms1.mail2world.com.;10 publicms2.mail2world.com.;;
mail2fun.com;5 publicms1.mail2world.com.;10 publicms2.mail2world.com.;;
mail2gabon.com;5 publicms1.mail2world.com.;10 publicms2.mail2world.com.;;
mail2gabriel.com;5 publicms1.mail2world.com.;10 publicms2.mail2world.com.;;
mail2gail.com;5 publicms1.mail2world.com.;10 publicms2.mail2world.com.;;
mail2galaxy.com;5 publicms1.mail2world.com.;10 publicms2.mail2world.com.;;
mail2gambia.com;5 publicms1.mail2world.com.;10 publicms2.mail2world.com.;;
mail2games.com;5 publicms1.mail2world.com.;10 publicms2.mail2world.com.;;
mail2gary.com;5 publicms1.mail2world.com.;10 publicms2.mail2world.com.;;
mail2gavin.com;5 publicms1.mail2world.com.;10 publicms2.mail2world.com.;;
mail2gemini.com;10 publicms2.mail2world.com.;5 publicms1.mail2world.com.;;
mail2gene.com;5 publicms1.mail2world.com.;10 publicms2.mail2world.com.;;
mail2genes.com;10 publicms2.mail2world.com.;5 publicms1.mail2world.com.;;
mail2geneva.com;5 publicms1.mail2world.com.;10 publicms2.mail2world.com.;;
mail2george.com;10 publicms2.mail2world.com.;5 publicms1.mail2world.com.;;
mail2georgia.com;5 publicms1.mail2world.com.;10 publicms2.mail2world.com.;;
mail2gerald.com;10 publicms2.mail2world.com.;5 publicms1.mail2world.com.;;
mail2german.com;10 publicms2.mail2world.com.;5 publicms1.mail2world.com.;;
mail2germany.com;5 publicms1.mail2world.com.;10 publicms2.mail2world.com.;;
mail2ghana.com;10 publicms2.mail2world.com.;5 publicms1.mail2world.com.;;
mail2gilbert.com;10 publicms2.mail2world.com.;5 publicms1.mail2world.com.;;
mail2gina.com;10 publicms2.mail2world.com.;5 publicms1.mail2world.com.;;
mail2girl.com;10 publicms2.mail2world.com.;5 publicms1.mail2world.com.;;
mail2glen.com;5 publicms1.mail2world.com.;10 publicms2.mail2world.com.;;
mail2gloria.com;5 publicms1.mail2world.com.;10 publicms2.mail2world.com.;;
mail2goddess.com;10 publicms2.mail2world.com.;5 publicms1.mail2world.com.;;
mail2gold.com;5 publicms1.mail2world.com.;10 publicms2.mail2world.com.;;
mail2golfclub.com;10 publicms2.mail2world.com.;5 publicms1.mail2world.com.;;
mail2golfer.com;5 publicms1.mail2world.com.;10 publicms2.mail2world.com.;;
mail2gordon.com;10 publicms2.mail2world.com.;5 publicms1.mail2world.com.;;
mail2government.com;10 publicms2.mail2world.com.;5 publicms1.mail2world.com.;;
mail2grab.com;10 publicms2.mail2world.com.;5 publicms1.mail2world.com.;;
mail2grace.com;5 publicms1.mail2world.com.;10 publicms2.mail2world.com.;;
mail2graham.com;5 publicms1.mail2world.com.;10 publicms2.mail2world.com.;;
mail2grandma.com;10 publicms2.mail2world.com.;5 publicms1.mail2world.com.;;
mail2grandpa.com;10 publicms2.mail2world.com.;5 publicms1.mail2world.com.;;
mail2grant.com;5 publicms1.mail2world.com.;10 publicms2.mail2world.com.;;
mail2greece.com;10 publicms2.mail2world.com.;5 publicms1.mail2world.com.;;
mail2green.com;10 publicms2.mail2world.com.;5 publicms1.mail2world.com.;;
mail2greg.com;10 publicms2.mail2world.com.;5 publicms1.mail2world.com.;;
mail2grenada.com;10 publicms2.mail2world.com.;5 publicms1.mail2world.com.;;
mail2gsm.com;5 publicms1.mail2world.com.;10 publicms2.mail2world.com.;;
mail2guard.com;10 publicms2.mail2world.com.;5 publicms1.mail2world.com.;;
mail2guatemala.com;10 publicms2.mail2world.com.;5 publicms1.mail2world.com.;;
mail2guy.com;10 publicms2.mail2world.com.;5 publicms1.mail2world.com.;;
mail2hades.com;10 publicms2.mail2world.com.;5 publicms1.mail2world.com.;;
mail2haiti.com;10 publicms2.mail2world.com.;5 publicms1.mail2world.com.;;
mail2hal.com;5 publicms1.mail2world.com.;10 publicms2.mail2world.com.;;
mail2handhelds.com;5 publicms1.mail2world.com.;10 publicms2.mail2world.com.;;
mail2hank.com;5 publicms1.mail2world.com.;10 publicms2.mail2world.com.;;
mail2hannah.com;10 publicms2.mail2world.com.;5 publicms1.mail2world.com.;;
mail2harold.com;10 publicms2.mail2world.com.;5 publicms1.mail2world.com.;;
mail2harry.com;5 publicms1.mail2world.com.;10 publicms2.mail2world.com.;;
mail2hawaii.com;5 publicms1.mail2world.com.;10 publicms2.mail2world.com.;;
mail2headhunter.com;5 publicms1.mail2world.com.;10 publicms2.mail2world.com.;;
mail2heal.com;10 publicms2.mail2world.com.;5 publicms1.mail2world.com.;;
mail2heather.com;5 publicms1.mail2world.com.;10 publicms2.mail2world.com.;;
mail2heaven.com;10 publicms2.mail2world.com.;5 publicms1.mail2world.com.;;
mail2hebe.com;10 publicms2.mail2world.com.;5 publicms1.mail2world.com.;;
mail2hecate.com;5 publicms1.mail2world.com.;10 publicms2.mail2world.com.;;
mail2heidi.com;10 publicms2.mail2world.com.;5 publicms1.mail2world.com.;;
mail2helen.com;10 publicms2.mail2world.com.;5 publicms1.mail2world.com.;;
mail2hell.com;5 publicms1.mail2world.com.;10 publicms2.mail2world.com.;;
mail2help.com;5 publicms1.mail2world.com.;10 publicms2.mail2world.com.;;
mail2helpdesk.com;5 publicms1.mail2world.com.;10 publicms2.mail2world.com.;;
mail2henry.com;10 publicms2.mail2world.com.;5 publicms1.mail2world.com.;;
mail2hephaestus.com;5 publicms1.mail2world.com.;10 publicms2.mail2world.com.;;
mail2hera.com;10 publicms2.mail2world.com.;5 publicms1.mail2world.com.;;
mail2hercules.com;5 publicms1.mail2world.com.;10 publicms2.mail2world.com.;;
mail2herman.com;5 publicms1.mail2world.com.;10 publicms2.mail2world.com.;;
mail2hermes.com;10 publicms2.mail2world.com.;5 publicms1.mail2world.com.;;
mail2hespera.com;10 publicms2.mail2world.com.;5 publicms1.mail2world.com.;;
mail2hestia.com;5 publicms1.mail2world.com.;10 publicms2.mail2world.com.;;
mail2highschool.com;10 publicms2.mail2world.com.;5 publicms1.mail2world.com.;;
mail2hindu.com;10 publicms2.mail2world.com.;5 publicms1.mail2world.com.;;
mail2hip.com;5 publicms1.mail2world.com.;10 publicms2.mail2world.com.;;
mail2hiphop.com;10 publicms2.mail2world.com.;5 publicms1.mail2world.com.;;
mail2holland.com;10 publicms2.mail2world.com.;5 publicms1.mail2world.com.;;
mail2holly.com;5 publicms1.mail2world.com.;10 publicms2.mail2world.com.;;
mail2hollywood.com;10 publicms2.mail2world.com.;5 publicms1.mail2world.com.;;
mail2homer.com;10 publicms2.mail2world.com.;5 publicms1.mail2world.com.;;
mail2honduras.com;10 publicms2.mail2world.com.;5 publicms1.mail2world.com.;;
mail2honey.com;10 publicms2.mail2world.com.;5 publicms1.mail2world.com.;;
mail2hongkong.com;10 publicms2.mail2world.com.;5 publicms1.mail2world.com.;;
mail2hope.com;5 publicms1.mail2world.com.;10 publicms2.mail2world.com.;;
mail2horse.com;5 publicms1.mail2world.com.;10 publicms2.mail2world.com.;;
mail2hot.com;5 publicms1.mail2world.com.;10 publicms2.mail2world.com.;;
mail2hotel.com;5 publicms1.mail2world.com.;10 publicms2.mail2world.com.;;
mail2houston.com;10 publicms2.mail2world.com.;5 publicms1.mail2world.com.;;
mail2howard.com;10 publicms2.mail2world.com.;5 publicms1.mail2world.com.;;
mail2hugh.com;10 publicms2.mail2world.com.;5 publicms1.mail2world.com.;;
mail2human.com;10 publicms2.mail2world.com.;5 publicms1.mail2world.com.;;
mail2hungary.com;5 publicms1.mail2world.com.;10 publicms2.mail2world.com.;;
mail2hungry.com;10 publicms2.mail2world.com.;5 publicms1.mail2world.com.;;
mail2hygeia.com;5 publicms1.mail2world.com.;10 publicms2.mail2world.com.;;
mail2hyperspace.com;10 publicms2.mail2world.com.;5 publicms1.mail2world.com.;;
mail2hypnos.com;5 publicms1.mail2world.com.;10 publicms2.mail2world.com.;;
mail2ian.com;10 publicms2.mail2world.com.;5 publicms1.mail2world.com.;;
mail2ice-cream.com;5 publicms1.mail2world.com.;10 publicms2.mail2world.com.;;
mail2iceland.com;5 publicms1.mail2world.com.;10 publicms2.mail2world.com.;;
mail2idaho.com;5 publicms1.mail2world.com.;10 publicms2.mail2world.com.;;
mail2idontknow.com;5 publicms1.mail2world.com.;10 publicms2.mail2world.com.;;
mail2illinois.com;10 publicms2.mail2world.com.;5 publicms1.mail2world.com.;;
mail2imam.com;5 publicms1.mail2world.com.;10 publicms2.mail2world.com.;;
mail2in.com;10 publicms2.mail2world.com.;5 publicms1.mail2world.com.;;
mail2india.com;10 aspmx.l.google.com.;30 aspmx2.googlemail.com.;30 aspmx5.googlemail.com.;20 alt2.aspmx.l.google.com.;30 aspmx3.googlemail.com.;20 alt1.aspmx.l.google.com.;30 aspmx4.googlemail.com.;;
mail2indian.com;5 publicms1.mail2world.com.;10 publicms2.mail2world.com.;;
mail2indiana.com;5 publicms1.mail2world.com.;10 publicms2.mail2world.com.;;
mail2indonesia.com;5 publicms1.mail2world.com.;10 publicms2.mail2world.com.;;
mail2infinity.com;10 publicms2.mail2world.com.;5 publicms1.mail2world.com.;;
mail2intense.com;5 publicms1.mail2world.com.;10 publicms2.mail2world.com.;;
mail2iowa.com;10 publicms2.mail2world.com.;5 publicms1.mail2world.com.;;
mail2iran.com;;
mail2iraq.com;;
mail2ireland.com;;
mail2irene.com;5 publicms1.mail2world.com.;10 publicms2.mail2world.com.;;
mail2iris.com;5 publicms1.mail2world.com.;10 publicms2.mail2world.com.;;
mail2irresistible.com;5 publicms1.mail2world.com.;10 publicms2.mail2world.com.;;
mail2irving.com;5 publicms1.mail2world.com.;10 publicms2.mail2world.com.;;
mail2irwin.com;5 publicms1.mail2world.com.;10 publicms2.mail2world.com.;;
mail2isaac.com;5 publicms1.mail2world.com.;10 publicms2.mail2world.com.;;
mail2israel.com;;
mail2italian.com;10 publicms2.mail2world.com.;5 publicms1.mail2world.com.;;
mail2italy.com;;
mail2jackie.com;5 publicms1.mail2world.com.;10 publicms2.mail2world.com.;;
mail2jacob.com;10 publicms2.mail2world.com.;5 publicms1.mail2world.com.;;
mail2jail.com;10 publicms2.mail2world.com.;5 publicms1.mail2world.com.;;
mail2jaime.com;10 publicms2.mail2world.com.;5 publicms1.mail2world.com.;;
mail2jake.com;10 publicms2.mail2world.com.;5 publicms1.mail2world.com.;;
mail2jamaica.com;5 publicms1.mail2world.com.;10 publicms2.mail2world.com.;;
mail2james.com;10 publicms2.mail2world.com.;5 publicms1.mail2world.com.;;
mail2jamie.com;5 publicms1.mail2world.com.;10 publicms2.mail2world.com.;;
mail2jan.com;5 publicms1.mail2world.com.;10 publicms2.mail2world.com.;;
mail2jane.com;5 publicms1.mail2world.com.;10 publicms2.mail2world.com.;;
mail2janet.com;10 publicms2.mail2world.com.;5 publicms1.mail2world.com.;;
mail2janice.com;10 publicms2.mail2world.com.;5 publicms1.mail2world.com.;;
mail2japan.com;5 publicms1.mail2world.com.;10 publicms2.mail2world.com.;;
mail2japanese.com;10 publicms2.mail2world.com.;5 publicms1.mail2world.com.;;
mail2jasmine.com;5 publicms1.mail2world.com.;10 publicms2.mail2world.com.;;
mail2jason.com;10 publicms2.mail2world.com.;5 publicms1.mail2world.com.;;
mail2java.com;5 publicms1.mail2world.com.;10 publicms2.mail2world.com.;;
mail2jay.com;10 publicms2.mail2world.com.;5 publicms1.mail2world.com.;;
mail2jazz.com;10 publicms2.mail2world.com.;5 publicms1.mail2world.com.;;
mail2jed.com;5 publicms1.mail2world.com.;10 publicms2.mail2world.com.;;
mail2jeffrey.com;10 publicms2.mail2world.com.;5 publicms1.mail2world.com.;;
mail2jennifer.com;10 publicms2.mail2world.com.;5 publicms1.mail2world.com.;;
mail2jenny.com;10 publicms2.mail2world.com.;5 publicms1.mail2world.com.;;
mail2jeremy.com;5 publicms1.mail2world.com.;10 publicms2.mail2world.com.;;
mail2jerry.com;10 publicms2.mail2world.com.;5 publicms1.mail2world.com.;;
mail2jessica.com;10 publicms2.mail2world.com.;5 publicms1.mail2world.com.;;
mail2jessie.com;5 publicms1.mail2world.com.;10 publicms2.mail2world.com.;;
mail2jesus.com;10 publicms2.mail2world.com.;5 publicms1.mail2world.com.;;
mail2jew.com;10 publicms2.mail2world.com.;5 publicms1.mail2world.com.;;
mail2jeweler.com;5 publicms1.mail2world.com.;10 publicms2.mail2world.com.;;
mail2jim.com;10 publicms2.mail2world.com.;5 publicms1.mail2world.com.;;
mail2jimmy.com;5 publicms1.mail2world.com.;10 publicms2.mail2world.com.;;
mail2joan.com;10 publicms2.mail2world.com.;5 publicms1.mail2world.com.;;
mail2joann.com;5 publicms1.mail2world.com.;10 publicms2.mail2world.com.;;
mail2joanna.com;5 publicms1.mail2world.com.;10 publicms2.mail2world.com.;;
mail2jody.com;5 publicms1.mail2world.com.;10 publicms2.mail2world.com.;;
mail2joe.com;10 publicms2.mail2world.com.;5 publicms1.mail2world.com.;;
mail2joel.com;5 publicms1.mail2world.com.;10 publicms2.mail2world.com.;;
mail2joey.com;10 publicms2.mail2world.com.;5 publicms1.mail2world.com.;;
mail2john.com;5 publicms1.mail2world.com.;10 publicms2.mail2world.com.;;
mail2join.com;5 publicms1.mail2world.com.;10 publicms2.mail2world.com.;;
mail2jon.com;5 publicms1.mail2world.com.;10 publicms2.mail2world.com.;;
mail2jonathan.com;5 publicms1.mail2world.com.;10 publicms2.mail2world.com.;;
mail2jones.com;10 publicms2.mail2world.com.;5 publicms1.mail2world.com.;;
mail2jordan.com;5 publicms1.mail2world.com.;10 publicms2.mail2world.com.;;
mail2joseph.com;5 publicms1.mail2world.com.;10 publicms2.mail2world.com.;;
mail2josh.com;5 publicms1.mail2world.com.;10 publicms2.mail2world.com.;;
mail2joy.com;10 publicms2.mail2world.com.;5 publicms1.mail2world.com.;;
mail2juan.com;5 publicms1.mail2world.com.;10 publicms2.mail2world.com.;;
mail2judge.com;10 publicms2.mail2world.com.;5 publicms1.mail2world.com.;;
mail2judy.com;5 publicms1.mail2world.com.;10 publicms2.mail2world.com.;;
mail2juggler.com;10 publicms2.mail2world.com.;5 publicms1.mail2world.com.;;
mail2julian.com;5 publicms1.mail2world.com.;10 publicms2.mail2world.com.;;
mail2julie.com;10 publicms2.mail2world.com.;5 publicms1.mail2world.com.;;
mail2jumbo.com;10 publicms2.mail2world.com.;5 publicms1.mail2world.com.;;
mail2junk.com;10 publicms2.mail2world.com.;5 publicms1.mail2world.com.;;
mail2justin.com;5 publicms1.mail2world.com.;10 publicms2.mail2world.com.;;
mail2justme.com;5 publicms1.mail2world.com.;10 publicms2.mail2world.com.;;
mail2k.ru;10 mx.yandex.ru.;;
mail2kansas.com;10 publicms2.mail2world.com.;5 publicms1.mail2world.com.;;
mail2karate.com;5 publicms1.mail2world.com.;10 publicms2.mail2world.com.;;
mail2karen.com;5 publicms1.mail2world.com.;10 publicms2.mail2world.com.;;
mail2karl.com;10 publicms2.mail2world.com.;5 publicms1.mail2world.com.;;
mail2karma.com;10 publicms2.mail2world.com.;5 publicms1.mail2world.com.;;
mail2kathleen.com;10 publicms2.mail2world.com.;5 publicms1.mail2world.com.;;
mail2kathy.com;10 publicms2.mail2world.com.;5 publicms1.mail2world.com.;;
mail2katie.com;10 publicms2.mail2world.com.;5 publicms1.mail2world.com.;;
mail2kay.com;5 publicms1.mail2world.com.;10 publicms2.mail2world.com.;;
mail2kazakhstan.com;10 publicms2.mail2world.com.;5 publicms1.mail2world.com.;;
mail2keen.com;5 publicms1.mail2world.com.;10 publicms2.mail2world.com.;;
mail2keith.com;10 publicms2.mail2world.com.;5 publicms1.mail2world.com.;;
mail2kelly.com;5 publicms1.mail2world.com.;10 publicms2.mail2world.com.;;
mail2kelsey.com;5 publicms1.mail2world.com.;10 publicms2.mail2world.com.;;
mail2ken.com;5 publicms1.mail2world.com.;10 publicms2.mail2world.com.;;
mail2kendall.com;10 publicms2.mail2world.com.;5 publicms1.mail2world.com.;;
mail2kennedy.com;5 publicms1.mail2world.com.;10 publicms2.mail2world.com.;;
mail2kenneth.com;10 publicms2.mail2world.com.;5 publicms1.mail2world.com.;;
mail2kenny.com;10 publicms2.mail2world.com.;5 publicms1.mail2world.com.;;
mail2kentucky.com;5 publicms1.mail2world.com.;10 publicms2.mail2world.com.;;
mail2kenya.com;5 publicms1.mail2world.com.;10 publicms2.mail2world.com.;;
mail2kerry.com;10 publicms2.mail2world.com.;5 publicms1.mail2world.com.;;
mail2kevin.com;10 publicms2.mail2world.com.;5 publicms1.mail2world.com.;;
mail2kim.com;5 publicms1.mail2world.com.;10 publicms2.mail2world.com.;;
mail2kimberly.com;5 publicms1.mail2world.com.;10 publicms2.mail2world.com.;;
mail2king.com;5 publicms1.mail2world.com.;10 publicms2.mail2world.com.;;
mail2kirk.com;10 publicms2.mail2world.com.;5 publicms1.mail2world.com.;;
mail2kiss.com;5 publicms1.mail2world.com.;10 publicms2.mail2world.com.;;
mail2kosher.com;10 publicms2.mail2world.com.;5 publicms1.mail2world.com.;;
mail2kristin.com;5 publicms1.mail2world.com.;10 publicms2.mail2world.com.;;
mail2kurt.com;5 publicms1.mail2world.com.;10 publicms2.mail2world.com.;;
mail2kuwait.com;5 publicms1.mail2world.com.;10 publicms2.mail2world.com.;;
mail2kyle.com;5 publicms1.mail2world.com.;10 publicms2.mail2world.com.;;
mail2kyrgyzstan.com;10 publicms2.mail2world.com.;5 publicms1.mail2world.com.;;
mail2la.com;5 publicms1.mail2world.com.;10 publicms2.mail2world.com.;;
mail2lacrosse.com;5 publicms1.mail2world.com.;10 publicms2.mail2world.com.;;
mail2lance.com;5 publicms1.mail2world.com.;10 publicms2.mail2world.com.;;
mail2lao.com;5 publicms1.mail2world.com.;10 publicms2.mail2world.com.;;
mail2larry.com;10 publicms2.mail2world.com.;5 publicms1.mail2world.com.;;
mail2latvia.com;10 publicms2.mail2world.com.;5 publicms1.mail2world.com.;;
mail2laugh.com;10 publicms2.mail2world.com.;5 publicms1.mail2world.com.;;
mail2laura.com;5 publicms1.mail2world.com.;10 publicms2.mail2world.com.;;
mail2lauren.com;5 publicms1.mail2world.com.;10 publicms2.mail2world.com.;;
mail2laurie.com;5 publicms1.mail2world.com.;10 publicms2.mail2world.com.;;
mail2lawrence.com;5 publicms1.mail2world.com.;10 publicms2.mail2world.com.;;
mail2lawyer.com;10 publicms2.mail2world.com.;5 publicms1.mail2world.com.;;
mail2lebanon.com;10 publicms2.mail2world.com.;5 publicms1.mail2world.com.;;
mail2lee.com;5 publicms1.mail2world.com.;10 publicms2.mail2world.com.;;
mail2leo.com;5 publicms1.mail2world.com.;10 publicms2.mail2world.com.;;
mail2leon.com;5 publicms1.mail2world.com.;10 publicms2.mail2world.com.;;
mail2leonard.com;5 publicms1.mail2world.com.;10 publicms2.mail2world.com.;;
mail2leone.com;5 publicms1.mail2world.com.;10 publicms2.mail2world.com.;;
mail2leslie.com;10 publicms2.mail2world.com.;5 publicms1.mail2world.com.;;
mail2letter.com;5 publicms1.mail2world.com.;10 publicms2.mail2world.com.;;
mail2liberia.com;10 publicms2.mail2world.com.;5 publicms1.mail2world.com.;;
mail2libertarian.com;5 publicms1.mail2world.com.;10 publicms2.mail2world.com.;;
mail2libra.com;5 publicms1.mail2world.com.;10 publicms2.mail2world.com.;;
mail2libya.com;10 publicms2.mail2world.com.;5 publicms1.mail2world.com.;;
mail2liechtenstein.com;5 publicms1.mail2world.com.;10 publicms2.mail2world.com.;;
mail2life.com;5 publicms1.mail2world.com.;10 publicms2.mail2world.com.;;
mail2linda.com;5 publicms1.mail2world.com.;10 publicms2.mail2world.com.;;
mail2linux.com;10 publicms2.mail2world.com.;5 publicms1.mail2world.com.;;
mail2lionel.com;10 publicms2.mail2world.com.;5 publicms1.mail2world.com.;;
mail2lipstick.com;5 publicms1.mail2world.com.;10 publicms2.mail2world.com.;;
mail2liquid.com;5 publicms1.mail2world.com.;10 publicms2.mail2world.com.;;
mail2lisa.com;5 publicms1.mail2world.com.;10 publicms2.mail2world.com.;;
mail2lithuania.com;5 publicms1.mail2world.com.;10 publicms2.mail2world.com.;;
mail2litigator.com;10 publicms2.mail2world.com.;5 publicms1.mail2world.com.;;
mail2liz.com;10 publicms2.mail2world.com.;5 publicms1.mail2world.com.;;
mail2lloyd.com;10 publicms2.mail2world.com.;5 publicms1.mail2world.com.;;
mail2lois.com;10 publicms2.mail2world.com.;5 publicms1.mail2world.com.;;
mail2lola.com;5 publicms1.mail2world.com.;10 publicms2.mail2world.com.;;
mail2london.com;10 publicms2.mail2world.com.;5 publicms1.mail2world.com.;;
mail2looking.com;10 publicms2.mail2world.com.;5 publicms1.mail2world.com.;;
mail2lori.com;5 publicms1.mail2world.com.;10 publicms2.mail2world.com.;;
mail2lost.com;5 publicms1.mail2world.com.;10 publicms2.mail2world.com.;;
mail2lou.com;5 publicms1.mail2world.com.;10 publicms2.mail2world.com.;;
mail2louis.com;10 publicms2.mail2world.com.;5 publicms1.mail2world.com.;;
mail2louisiana.com;10 publicms2.mail2world.com.;5 publicms1.mail2world.com.;;
mail2lovable.com;10 publicms2.mail2world.com.;5 publicms1.mail2world.com.;;
mail2love.com;10 publicms2.mail2world.com.;5 publicms1.mail2world.com.;;
mail2lucky.com;10 publicms2.mail2world.com.;5 publicms1.mail2world.com.;;
mail2lucy.com;5 publicms1.mail2world.com.;10 publicms2.mail2world.com.;;
mail2lunch.com;5 publicms1.mail2world.com.;10 publicms2.mail2world.com.;;
mail2lust.com;5 publicms1.mail2world.com.;10 publicms2.mail2world.com.;;
mail2luxembourg.com;10 publicms2.mail2world.com.;5 publicms1.mail2world.com.;;
mail2luxury.com;10 publicms2.mail2world.com.;5 publicms1.mail2world.com.;;
mail2lyle.com;5 publicms1.mail2world.com.;10 publicms2.mail2world.com.;;
mail2lynn.com;5 publicms1.mail2world.com.;10 publicms2.mail2world.com.;;
mail2madagascar.com;5 publicms1.mail2world.com.;10 publicms2.mail2world.com.;;
mail2madison.com;10 publicms2.mail2world.com.;5 publicms1.mail2world.com.;;
mail2madrid.com;5 publicms1.mail2world.com.;10 publicms2.mail2world.com.;;
mail2maggie.com;5 publicms1.mail2world.com.;10 publicms2.mail2world.com.;;
mail2mail4.com;10 publicms2.mail2world.com.;5 publicms1.mail2world.com.;;
mail2maine.com;5 publicms1.mail2world.com.;10 publicms2.mail2world.com.;;
mail2malawi.com;10 publicms2.mail2world.com.;5 publicms1.mail2world.com.;;
mail2malaysia.com;10 publicms2.mail2world.com.;5 publicms1.mail2world.com.;;
mail2maldives.com;10 publicms2.mail2world.com.;5 publicms1.mail2world.com.;;
mail2mali.com;10 publicms2.mail2world.com.;5 publicms1.mail2world.com.;;
mail2malta.com;5 publicms1.mail2world.com.;10 publicms2.mail2world.com.;;
mail2mambo.com;10 publicms2.mail2world.com.;5 publicms1.mail2world.com.;;
mail2man.com;5 publicms1.mail2world.com.;10 publicms2.mail2world.com.;;
mail2mandy.com;10 publicms2.mail2world.com.;5 publicms1.mail2world.com.;;
mail2manhunter.com;10 publicms2.mail2world.com.;5 publicms1.mail2world.com.;;
mail2mankind.com;10 publicms2.mail2world.com.;5 publicms1.mail2world.com.;;
mail2many.com;10 publicms2.mail2world.com.;5 publicms1.mail2world.com.;;
mail2marc.com;5 publicms1.mail2world.com.;10 publicms2.mail2world.com.;;
mail2marcia.com;10 publicms2.mail2world.com.;5 publicms1.mail2world.com.;;
mail2margaret.com;5 publicms1.mail2world.com.;10 publicms2.mail2world.com.;;
mail2margie.com;10 publicms2.mail2world.com.;5 publicms1.mail2world.com.;;
mail2marhaba.com;5 publicms1.mail2world.com.;10 publicms2.mail2world.com.;;
mail2maria.com;10 publicms2.mail2world.com.;5 publicms1.mail2world.com.;;
mail2marilyn.com;5 publicms1.mail2world.com.;10 publicms2.mail2world.com.;;
mail2marines.com;5 publicms1.mail2world.com.;10 publicms2.mail2world.com.;;
mail2mark.com;10 publicms2.mail2world.com.;5 publicms1.mail2world.com.;;
mail2marriage.com;10 publicms2.mail2world.com.;5 publicms1.mail2world.com.;;
mail2married.com;10 publicms2.mail2world.com.;5 publicms1.mail2world.com.;;
mail2marries.com;;
mail2mars.com;5 publicms1.mail2world.com.;10 publicms2.mail2world.com.;;
mail2marsha.com;5 publicms1.mail2world.com.;10 publicms2.mail2world.com.;;
mail2marshallislands.com;5 publicms1.mail2world.com.;10 publicms2.mail2world.com.;;
mail2martha.com;10 publicms2.mail2world.com.;5 publicms1.mail2world.com.;;
mail2martin.com;10 publicms2.mail2world.com.;5 publicms1.mail2world.com.;;
mail2marty.com;10 publicms2.mail2world.com.;5 publicms1.mail2world.com.;;
mail2marvin.com;5 publicms1.mail2world.com.;10 publicms2.mail2world.com.;;
mail2mary.com;5 publicms1.mail2world.com.;10 publicms2.mail2world.com.;;
mail2maryland.com;5 publicms1.mail2world.com.;10 publicms2.mail2world.com.;;
mail2mason.com;5 publicms1.mail2world.com.;10 publicms2.mail2world.com.;;
mail2massachusetts.com;5 publicms1.mail2world.com.;10 publicms2.mail2world.com.;;
mail2matt.com;5 publicms1.mail2world.com.;10 publicms2.mail2world.com.;;
mail2matthew.com;10 publicms2.mail2world.com.;5 publicms1.mail2world.com.;;
mail2maurice.com;5 publicms1.mail2world.com.;10 publicms2.mail2world.com.;;
mail2mauritania.com;10 publicms2.mail2world.com.;5 publicms1.mail2world.com.;;
mail2mauritius.com;5 publicms1.mail2world.com.;10 publicms2.mail2world.com.;;
mail2max.com;10 publicms2.mail2world.com.;5 publicms1.mail2world.com.;;
mail2maxwell.com;5 publicms1.mail2world.com.;10 publicms2.mail2world.com.;;
mail2maybe.com;5 publicms1.mail2world.com.;10 publicms2.mail2world.com.;;
mail2mba.com;5 publicms1.mail2world.com.;10 publicms2.mail2world.com.;;
mail2me4u.com;5 publicms1.mail2world.com.;10 publicms2.mail2world.com.;;
mail2mechanic.com;5 publicms1.mail2world.com.;10 publicms2.mail2world.com.;;
mail2medieval.com;5 publicms1.mail2world.com.;10 publicms2.mail2world.com.;;
mail2megan.com;5 publicms1.mail2world.com.;10 publicms2.mail2world.com.;;
mail2mel.com;5 publicms1.mail2world.com.;10 publicms2.mail2world.com.;;
mail2melanie.com;10 publicms2.mail2world.com.;5 publicms1.mail2world.com.;;
mail2melissa.com;5 publicms1.mail2world.com.;10 publicms2.mail2world.com.;;
mail2melody.com;10 publicms2.mail2world.com.;5 publicms1.mail2world.com.;;
mail2member.com;10 publicms2.mail2world.com.;5 publicms1.mail2world.com.;;
mail2memphis.com;5 publicms1.mail2world.com.;10 publicms2.mail2world.com.;;
mail2methodist.com;5 publicms1.mail2world.com.;10 publicms2.mail2world.com.;;
mail2mexican.com;10 publicms2.mail2world.com.;5 publicms1.mail2world.com.;;
mail2mexico.com;10 publicms2.mail2world.com.;5 publicms1.mail2world.com.;;
mail2mgz.com;10 publicms2.mail2world.com.;5 publicms1.mail2world.com.;;
mail2miami.com;5 publicms1.mail2world.com.;10 publicms2.mail2world.com.;;
mail2michael.com;10 publicms2.mail2world.com.;5 publicms1.mail2world.com.;;
mail2michelle.com;5 publicms1.mail2world.com.;10 publicms2.mail2world.com.;;
mail2michigan.com;10 publicms2.mail2world.com.;5 publicms1.mail2world.com.;;
mail2mike.com;5 publicms1.mail2world.com.;10 publicms2.mail2world.com.;;
mail2milan.com;5 publicms1.mail2world.com.;10 publicms2.mail2world.com.;;
mail2milano.com;10 publicms2.mail2world.com.;5 publicms1.mail2world.com.;;
mail2mildred.com;10 publicms2.mail2world.com.;5 publicms1.mail2world.com.;;
mail2milkyway.com;5 publicms1.mail2world.com.;10 publicms2.mail2world.com.;;
mail2millennium.com;5 publicms1.mail2world.com.;10 publicms2.mail2world.com.;;
mail2millionaire.com;5 publicms1.mail2world.com.;10 publicms2.mail2world.com.;;
mail2milton.com;10 publicms2.mail2world.com.;5 publicms1.mail2world.com.;;
mail2mime.com;5 publicms1.mail2world.com.;10 publicms2.mail2world.com.;;
mail2mindreader.com;10 publicms2.mail2world.com.;5 publicms1.mail2world.com.;;
mail2mini.com;10 publicms2.mail2world.com.;5 publicms1.mail2world.com.;;
mail2minister.com;10 publicms2.mail2world.com.;5 publicms1.mail2world.com.;;
mail2minneapolis.com;5 publicms1.mail2world.com.;10 publicms2.mail2world.com.;;
mail2minnesota.com;;
mail2miracle.com;5 publicms1.mail2world.com.;10 publicms2.mail2world.com.;;
mail2missionary.com;5 publicms1.mail2world.com.;10 publicms2.mail2world.com.;;
mail2mississippi.com;5 publicms1.mail2world.com.;10 publicms2.mail2world.com.;;
mail2missouri.com;10 publicms2.mail2world.com.;5 publicms1.mail2world.com.;;
mail2mitch.com;10 publicms2.mail2world.com.;5 publicms1.mail2world.com.;;
mail2model.com;10 publicms2.mail2world.com.;5 publicms1.mail2world.com.;;
mail2mom.com;5 publicms1.mail2world.com.;10 publicms2.mail2world.com.;;
mail2monaco.com;10 publicms2.mail2world.com.;5 publicms1.mail2world.com.;;
mail2money.com;10 publicms2.mail2world.com.;5 publicms1.mail2world.com.;;
mail2mongolia.com;5 publicms1.mail2world.com.;10 publicms2.mail2world.com.;;
mail2monica.com;10 publicms2.mail2world.com.;5 publicms1.mail2world.com.;;
mail2montana.com;10 publicms2.mail2world.com.;5 publicms1.mail2world.com.;;
mail2monty.com;10 publicms2.mail2world.com.;5 publicms1.mail2world.com.;;
mail2moon.com;5 publicms1.mail2world.com.;10 publicms2.mail2world.com.;;
mail2morocco.com;10 publicms2.mail2world.com.;5 publicms1.mail2world.com.;;
mail2morpheus.com;10 publicms2.mail2world.com.;5 publicms1.mail2world.com.;;
mail2mors.com;5 publicms1.mail2world.com.;10 publicms2.mail2world.com.;;
mail2moscow.com;10 publicms2.mail2world.com.;5 publicms1.mail2world.com.;;
mail2moslem.com;10 publicms2.mail2world.com.;5 publicms1.mail2world.com.;;
mail2mouseketeer.com;10 publicms2.mail2world.com.;5 publicms1.mail2world.com.;;
mail2movies.com;5 publicms1.mail2world.com.;10 publicms2.mail2world.com.;;
mail2mozambique.com;5 publicms1.mail2world.com.;10 publicms2.mail2world.com.;;
mail2mp3.com;10 publicms2.mail2world.com.;5 publicms1.mail2world.com.;;
mail2mrright.com;5 publicms1.mail2world.com.;10 publicms2.mail2world.com.;;
mail2msright.com;5 publicms1.mail2world.com.;10 publicms2.mail2world.com.;;
mail2museum.com;10 publicms2.mail2world.com.;5 publicms1.mail2world.com.;;
mail2music.com;5 publicms1.mail2world.com.;10 publicms2.mail2world.com.;;
mail2musician.com;10 publicms2.mail2world.com.;5 publicms1.mail2world.com.;;
mail2muslim.com;5 publicms1.mail2world.com.;10 publicms2.mail2world.com.;;
mail2my.com;10 publicms2.mail2world.com.;5 publicms1.mail2world.com.;;
mail2myboat.com;5 publicms1.mail2world.com.;10 publicms2.mail2world.com.;;
mail2mycar.com;10 publicms2.mail2world.com.;5 publicms1.mail2world.com.;;
mail2mycell.com;10 publicms2.mail2world.com.;5 publicms1.mail2world.com.;;
mail2mygsm.com;10 publicms2.mail2world.com.;5 publicms1.mail2world.com.;;
mail2mylaptop.com;10 publicms2.mail2world.com.;5 publicms1.mail2world.com.;;
mail2mymac.com;10 publicms2.mail2world.com.;5 publicms1.mail2world.com.;;
mail2mypager.com;5 publicms1.mail2world.com.;10 publicms2.mail2world.com.;;
mail2mypalm.com;5 publicms1.mail2world.com.;10 publicms2.mail2world.com.;;
mail2mypc.com;5 publicms1.mail2world.com.;10 publicms2.mail2world.com.;;
mail2myphone.com;10 publicms2.mail2world.com.;5 publicms1.mail2world.com.;;
mail2myplane.com;5 publicms1.mail2world.com.;10 publicms2.mail2world.com.;;
mail2namibia.com;10 publicms2.mail2world.com.;5 publicms1.mail2world.com.;;
mail2nancy.com;10 publicms2.mail2world.com.;5 publicms1.mail2world.com.;;
mail2nasdaq.com;5 publicms1.mail2world.com.;10 publicms2.mail2world.com.;;
mail2nathan.com;10 publicms2.mail2world.com.;5 publicms1.mail2world.com.;;
mail2nauru.com;5 publicms1.mail2world.com.;10 publicms2.mail2world.com.;;
mail2navy.com;10 publicms2.mail2world.com.;5 publicms1.mail2world.com.;;
mail2neal.com;5 publicms1.mail2world.com.;10 publicms2.mail2world.com.;;
mail2nebraska.com;10 publicms2.mail2world.com.;5 publicms1.mail2world.com.;;
mail2ned.com;10 publicms2.mail2world.com.;5 publicms1.mail2world.com.;;
mail2neil.com;10 publicms2.mail2world.com.;5 publicms1.mail2world.com.;;
mail2nelson.com;10 publicms2.mail2world.com.;5 publicms1.mail2world.com.;;
mail2nemesis.com;5 publicms1.mail2world.com.;10 publicms2.mail2world.com.;;
mail2nepal.com;10 publicms2.mail2world.com.;5 publicms1.mail2world.com.;;
mail2netherlands.com;5 publicms1.mail2world.com.;10 publicms2.mail2world.com.;;
mail2network.com;5 publicms1.mail2world.com.;10 publicms2.mail2world.com.;;
mail2nevada.com;5 publicms1.mail2world.com.;10 publicms2.mail2world.com.;;
mail2newhampshire.com;10 publicms2.mail2world.com.;5 publicms1.mail2world.com.;;
mail2newjersey.com;10 publicms2.mail2world.com.;5 publicms1.mail2world.com.;;
mail2newmexico.com;5 publicms1.mail2world.com.;10 publicms2.mail2world.com.;;
mail2newyork.com;10 publicms2.mail2world.com.;5 publicms1.mail2world.com.;;
mail2newzealand.com;5 publicms1.mail2world.com.;10 publicms2.mail2world.com.;;
mail2nicaragua.com;10 publicms2.mail2world.com.;5 publicms1.mail2world.com.;;
mail2nick.com;5 publicms1.mail2world.com.;10 publicms2.mail2world.com.;;
mail2nicole.com;5 publicms1.mail2world.com.;10 publicms2.mail2world.com.;;
mail2niger.com;5 publicms1.mail2world.com.;10 publicms2.mail2world.com.;;
mail2nigeria.com;5 publicms1.mail2world.com.;10 publicms2.mail2world.com.;;
mail2nike.com;10 publicms2.mail2world.com.;5 publicms1.mail2world.com.;;
mail2no.com;5 publicms1.mail2world.com.;10 publicms2.mail2world.com.;;
mail2noah.com;5 publicms1.mail2world.com.;10 publicms2.mail2world.com.;;
mail2noel.com;10 publicms2.mail2world.com.;5 publicms1.mail2world.com.;;
mail2noelle.com;10 publicms2.mail2world.com.;5 publicms1.mail2world.com.;;
mail2normal.com;10 publicms2.mail2world.com.;5 publicms1.mail2world.com.;;
mail2norman.com;5 publicms1.mail2world.com.;10 publicms2.mail2world.com.;;
mail2northamerica.com;10 publicms2.mail2world.com.;5 publicms1.mail2world.com.;;
mail2northcarolina.com;10 publicms2.mail2world.com.;5 publicms1.mail2world.com.;;
mail2northdakota.com;10 publicms2.mail2world.com.;5 publicms1.mail2world.com.;;
mail2northpole.com;10 publicms2.mail2world.com.;5 publicms1.mail2world.com.;;
mail2norway.com;10 publicms2.mail2world.com.;5 publicms1.mail2world.com.;;
mail2notus.com;5 publicms1.mail2world.com.;10 publicms2.mail2world.com.;;
mail2noway.com;5 publicms1.mail2world.com.;10 publicms2.mail2world.com.;;
mail2nowhere.com;5 publicms1.mail2world.com.;10 publicms2.mail2world.com.;;
mail2nuclear.com;5 publicms1.mail2world.com.;10 publicms2.mail2world.com.;;
mail2nun.com;5 publicms1.mail2world.com.;10 publicms2.mail2world.com.;;
mail2ny.com;10 publicms2.mail2world.com.;5 publicms1.mail2world.com.;;
mail2oasis.com;5 publicms1.mail2world.com.;10 publicms2.mail2world.com.;;
mail2oceanographer.com;10 publicms2.mail2world.com.;5 publicms1.mail2world.com.;;
mail2ohio.com;5 publicms1.mail2world.com.;10 publicms2.mail2world.com.;;
mail2ok.com;10 publicms2.mail2world.com.;5 publicms1.mail2world.com.;;
mail2oklahoma.com;5 publicms1.mail2world.com.;10 publicms2.mail2world.com.;;
mail2oliver.com;10 publicms2.mail2world.com.;5 publicms1.mail2world.com.;;
mail2oman.com;10 publicms2.mail2world.com.;5 publicms1.mail2world.com.;;
mail2one.com;10 publicms2.mail2world.com.;5 publicms1.mail2world.com.;;
mail2onfire.com;5 publicms1.mail2world.com.;10 publicms2.mail2world.com.;;
mail2online.com;5 publicms1.mail2world.com.;10 publicms2.mail2world.com.;;
mail2oops.com;5 publicms1.mail2world.com.;10 publicms2.mail2world.com.;;
mail2open.com;10 publicms2.mail2world.com.;5 publicms1.mail2world.com.;;
mail2ophthalmologist.com;5 publicms1.mail2world.com.;10 publicms2.mail2world.com.;;
mail2optometrist.com;5 publicms1.mail2world.com.;10 publicms2.mail2world.com.;;
mail2oregon.com;5 publicms1.mail2world.com.;10 publicms2.mail2world.com.;;
mail2oscars.com;10 publicms2.mail2world.com.;5 publicms1.mail2world.com.;;
mail2oslo.com;10 publicms2.mail2world.com.;5 publicms1.mail2world.com.;;
mail2painter.com;10 publicms2.mail2world.com.;5 publicms1.mail2world.com.;;
mail2pakistan.com;10 publicms2.mail2world.com.;5 publicms1.mail2world.com.;;
mail2pan.com;10 publicms2.mail2world.com.;5 publicms1.mail2world.com.;;
mail2panama.com;10 publicms2.mail2world.com.;5 publicms1.mail2world.com.;;
mail2paraguay.com;10 publicms2.mail2world.com.;5 publicms1.mail2world.com.;;
mail2paralegal.com;5 publicms1.mail2world.com.;10 publicms2.mail2world.com.;;
mail2paris.com;10 publicms2.mail2world.com.;5 publicms1.mail2world.com.;;
mail2park.com;10 publicms2.mail2world.com.;5 publicms1.mail2world.com.;;
mail2parker.com;5 publicms1.mail2world.com.;10 publicms2.mail2world.com.;;
mail2party.com;10 publicms2.mail2world.com.;5 publicms1.mail2world.com.;;
mail2passion.com;5 publicms1.mail2world.com.;10 publicms2.mail2world.com.;;
mail2pat.com;5 publicms1.mail2world.com.;10 publicms2.mail2world.com.;;
mail2patricia.com;10 publicms2.mail2world.com.;5 publicms1.mail2world.com.;;
mail2patrick.com;10 publicms2.mail2world.com.;5 publicms1.mail2world.com.;;
mail2patty.com;10 publicms2.mail2world.com.;5 publicms1.mail2world.com.;;
mail2paul.com;5 publicms1.mail2world.com.;10 publicms2.mail2world.com.;;
mail2paula.com;10 publicms2.mail2world.com.;5 publicms1.mail2world.com.;;
mail2pay.com;5 publicms1.mail2world.com.;10 publicms2.mail2world.com.;;
mail2peace.com;10 publicms2.mail2world.com.;5 publicms1.mail2world.com.;;
mail2pediatrician.com;5 publicms1.mail2world.com.;10 publicms2.mail2world.com.;;
mail2peggy.com;5 publicms1.mail2world.com.;10 publicms2.mail2world.com.;;
mail2pennsylvania.com;10 publicms2.mail2world.com.;5 publicms1.mail2world.com.;;
mail2perry.com;10 publicms2.mail2world.com.;5 publicms1.mail2world.com.;;
mail2persephone.com;5 publicms1.mail2world.com.;10 publicms2.mail2world.com.;;
mail2persian.com;10 publicms2.mail2world.com.;5 publicms1.mail2world.com.;;
mail2peru.com;10 publicms2.mail2world.com.;5 publicms1.mail2world.com.;;
mail2pete.com;5 publicms1.mail2world.com.;10 publicms2.mail2world.com.;;
mail2peter.com;5 publicms1.mail2world.com.;10 publicms2.mail2world.com.;;
mail2pharmacist.com;5 publicms1.mail2world.com.;10 publicms2.mail2world.com.;;
mail2phil.com;5 publicms1.mail2world.com.;10 publicms2.mail2world.com.;;
mail2philippines.com;5 publicms1.mail2world.com.;10 publicms2.mail2world.com.;;
mail2phoenix.com;10 publicms2.mail2world.com.;5 publicms1.mail2world.com.;;
mail2phonecall.com;10 publicms2.mail2world.com.;5 publicms1.mail2world.com.;;
mail2phyllis.com;5 publicms1.mail2world.com.;10 publicms2.mail2world.com.;;
mail2pickup.com;10 publicms2.mail2world.com.;5 publicms1.mail2world.com.;;
mail2pilot.com;5 publicms1.mail2world.com.;10 publicms2.mail2world.com.;;
mail2pisces.com;10 publicms2.mail2world.com.;5 publicms1.mail2world.com.;;
mail2planet.com;5 publicms1.mail2world.com.;10 publicms2.mail2world.com.;;
mail2platinum.com;10 publicms2.mail2world.com.;5 publicms1.mail2world.com.;;
mail2plato.com;10 publicms2.mail2world.com.;5 publicms1.mail2world.com.;;
mail2pluto.com;10 publicms2.mail2world.com.;5 publicms1.mail2world.com.;;
mail2pm.com;10 publicms2.mail2world.com.;5 publicms1.mail2world.com.;;
mail2podiatrist.com;10 publicms2.mail2world.com.;5 publicms1.mail2world.com.;;
mail2poet.com;10 publicms2.mail2world.com.;5 publicms1.mail2world.com.;;
mail2poland.com;5 publicms1.mail2world.com.;10 publicms2.mail2world.com.;;
mail2policeman.com;5 publicms1.mail2world.com.;10 publicms2.mail2world.com.;;
mail2policewoman.com;10 publicms2.mail2world.com.;5 publicms1.mail2world.com.;;
mail2politician.com;10 publicms2.mail2world.com.;5 publicms1.mail2world.com.;;
mail2pop.com;10 publicms2.mail2world.com.;5 publicms1.mail2world.com.;;
mail2pope.com;10 publicms2.mail2world.com.;5 publicms1.mail2world.com.;;
mail2popular.com;10 publicms2.mail2world.com.;5 publicms1.mail2world.com.;;
mail2portugal.com;5 publicms1.mail2world.com.;10 publicms2.mail2world.com.;;
mail2poseidon.com;10 publicms2.mail2world.com.;5 publicms1.mail2world.com.;;
mail2potatohead.com;10 publicms2.mail2world.com.;5 publicms1.mail2world.com.;;
mail2power.com;5 publicms1.mail2world.com.;10 publicms2.mail2world.com.;;
mail2presbyterian.com;;
mail2president.com;5 publicms1.mail2world.com.;10 publicms2.mail2world.com.;;
mail2priest.com;5 publicms1.mail2world.com.;10 publicms2.mail2world.com.;;
mail2prince.com;10 publicms2.mail2world.com.;5 publicms1.mail2world.com.;;
mail2princess.com;10 publicms2.mail2world.com.;5 publicms1.mail2world.com.;;
mail2producer.com;10 publicms2.mail2world.com.;5 publicms1.mail2world.com.;;
mail2professor.com;10 publicms2.mail2world.com.;5 publicms1.mail2world.com.;;
mail2protect.com;5 publicms1.mail2world.com.;10 publicms2.mail2world.com.;;
mail2psychiatrist.com;5 publicms1.mail2world.com.;10 publicms2.mail2world.com.;;
mail2psycho.com;5 publicms1.mail2world.com.;10 publicms2.mail2world.com.;;
mail2psychologist.com;5 publicms1.mail2world.com.;10 publicms2.mail2world.com.;;
mail2qatar.com;5 publicms1.mail2world.com.;10 publicms2.mail2world.com.;;
mail2queen.com;10 publicms2.mail2world.com.;5 publicms1.mail2world.com.;;
mail2rabbi.com;10 publicms2.mail2world.com.;5 publicms1.mail2world.com.;;
mail2race.com;5 publicms1.mail2world.com.;10 publicms2.mail2world.com.;;
mail2racer.com;10 publicms2.mail2world.com.;5 publicms1.mail2world.com.;;
mail2rachel.com;5 publicms1.mail2world.com.;10 publicms2.mail2world.com.;;
mail2rage.com;5 publicms1.mail2world.com.;10 publicms2.mail2world.com.;;
mail2rainmaker.com;5 publicms1.mail2world.com.;10 publicms2.mail2world.com.;;
mail2ralph.com;10 publicms2.mail2world.com.;5 publicms1.mail2world.com.;;
mail2randy.com;5 publicms1.mail2world.com.;10 publicms2.mail2world.com.;;
mail2rap.com;5 publicms1.mail2world.com.;10 publicms2.mail2world.com.;;
mail2rare.com;5 publicms1.mail2world.com.;10 publicms2.mail2world.com.;;
mail2rave.com;5 publicms1.mail2world.com.;10 publicms2.mail2world.com.;;
mail2ray.com;5 publicms1.mail2world.com.;10 publicms2.mail2world.com.;;
mail2raymond.com;5 publicms1.mail2world.com.;10 publicms2.mail2world.com.;;
mail2realtor.com;5 publicms1.mail2world.com.;10 publicms2.mail2world.com.;;
mail2rebecca.com;10 publicms2.mail2world.com.;5 publicms1.mail2world.com.;;
mail2recruiter.com;5 publicms1.mail2world.com.;10 publicms2.mail2world.com.;;
mail2recycle.com;5 publicms1.mail2world.com.;10 publicms2.mail2world.com.;;
mail2redhead.com;10 publicms2.mail2world.com.;5 publicms1.mail2world.com.;;
mail2reed.com;10 publicms2.mail2world.com.;5 publicms1.mail2world.com.;;
mail2reggie.com;5 publicms1.mail2world.com.;10 publicms2.mail2world.com.;;
mail2register.com;5 publicms1.mail2world.com.;10 publicms2.mail2world.com.;;
mail2rent.com;10 publicms2.mail2world.com.;5 publicms1.mail2world.com.;;
mail2republican.com;10 publicms2.mail2world.com.;5 publicms1.mail2world.com.;;
mail2resort.com;5 publicms1.mail2world.com.;10 publicms2.mail2world.com.;;
mail2rex.com;10 publicms2.mail2world.com.;5 publicms1.mail2world.com.;;
mail2rhodeisland.com;5 publicms1.mail2world.com.;10 publicms2.mail2world.com.;;
mail2rich.com;10 publicms2.mail2world.com.;5 publicms1.mail2world.com.;;
mail2richard.com;5 publicms1.mail2world.com.;10 publicms2.mail2world.com.;;
mail2ricky.com;10 publicms2.mail2world.com.;5 publicms1.mail2world.com.;;
mail2ride.com;10 publicms2.mail2world.com.;5 publicms1.mail2world.com.;;
mail2riley.com;5 publicms1.mail2world.com.;10 publicms2.mail2world.com.;;
mail2rita.com;10 publicms2.mail2world.com.;5 publicms1.mail2world.com.;;
mail2rob.com;5 publicms1.mail2world.com.;10 publicms2.mail2world.com.;;
mail2robert.com;10 publicms2.mail2world.com.;5 publicms1.mail2world.com.;;
mail2roberta.com;5 publicms1.mail2world.com.;10 publicms2.mail2world.com.;;
mail2robin.com;10 publicms2.mail2world.com.;5 publicms1.mail2world.com.;;
mail2rock.com;5 publicms1.mail2world.com.;10 publicms2.mail2world.com.;;
mail2rocker.com;5 publicms1.mail2world.com.;10 publicms2.mail2world.com.;;
mail2rod.com;10 publicms2.mail2world.com.;5 publicms1.mail2world.com.;;
mail2rodney.com;10 publicms2.mail2world.com.;5 publicms1.mail2world.com.;;
mail2romania.com;10 publicms2.mail2world.com.;5 publicms1.mail2world.com.;;
mail2rome.com;10 publicms2.mail2world.com.;5 publicms1.mail2world.com.;;
mail2ron.com;10 publicms2.mail2world.com.;5 publicms1.mail2world.com.;;
mail2ronald.com;10 publicms2.mail2world.com.;5 publicms1.mail2world.com.;;
mail2ronnie.com;10 publicms2.mail2world.com.;5 publicms1.mail2world.com.;;
mail2rose.com;10 publicms2.mail2world.com.;5 publicms1.mail2world.com.;;
mail2rosie.com;5 publicms1.mail2world.com.;10 publicms2.mail2world.com.;;
mail2roy.com;5 publicms1.mail2world.com.;10 publicms2.mail2world.com.;;
mail2rss.org;;
mail2rudy.com;10 publicms2.mail2world.com.;5 publicms1.mail2world.com.;;
mail2rugby.com;10 publicms2.mail2world.com.;5 publicms1.mail2world.com.;;
mail2runner.com;5 publicms1.mail2world.com.;10 publicms2.mail2world.com.;;
mail2russell.com;10 publicms2.mail2world.com.;5 publicms1.mail2world.com.;;
mail2russia.com;10 publicms2.mail2world.com.;5 publicms1.mail2world.com.;;
mail2russian.com;10 publicms2.mail2world.com.;5 publicms1.mail2world.com.;;
mail2rusty.com;5 publicms1.mail2world.com.;10 publicms2.mail2world.com.;;
mail2ruth.com;5 publicms1.mail2world.com.;10 publicms2.mail2world.com.;;
mail2rwanda.com;5 publicms1.mail2world.com.;10 publicms2.mail2world.com.;;
mail2ryan.com;10 publicms2.mail2world.com.;5 publicms1.mail2world.com.;;
mail2sa.com;5 publicms1.mail2world.com.;10 publicms2.mail2world.com.;;
mail2sabrina.com;5 publicms1.mail2world.com.;10 publicms2.mail2world.com.;;
mail2safe.com;10 publicms2.mail2world.com.;5 publicms1.mail2world.com.;;
mail2sagittarius.com;5 publicms1.mail2world.com.;10 publicms2.mail2world.com.;;
mail2sail.com;10 publicms2.mail2world.com.;5 publicms1.mail2world.com.;;
mail2sailor.com;5 publicms1.mail2world.com.;10 publicms2.mail2world.com.;;
mail2sal.com;5 publicms1.mail2world.com.;10 publicms2.mail2world.com.;;
mail2salaam.com;5 publicms1.mail2world.com.;10 publicms2.mail2world.com.;;
mail2sam.com;10 publicms2.mail2world.com.;5 publicms1.mail2world.com.;;
mail2samantha.com;10 publicms2.mail2world.com.;5 publicms1.mail2world.com.;;
mail2samoa.com;10 publicms2.mail2world.com.;5 publicms1.mail2world.com.;;
mail2samurai.com;5 publicms1.mail2world.com.;10 publicms2.mail2world.com.;;
mail2sandra.com;10 publicms2.mail2world.com.;5 publicms1.mail2world.com.;;
mail2sandy.com;10 publicms2.mail2world.com.;5 publicms1.mail2world.com.;;
mail2sanfrancisco.com;10 publicms2.mail2world.com.;5 publicms1.mail2world.com.;;
mail2sanmarino.com;5 publicms1.mail2world.com.;10 publicms2.mail2world.com.;;
mail2santa.com;10 publicms2.mail2world.com.;5 publicms1.mail2world.com.;;
mail2sara.com;5 publicms1.mail2world.com.;10 publicms2.mail2world.com.;;
mail2sarah.com;5 publicms1.mail2world.com.;10 publicms2.mail2world.com.;;
mail2sat.com;10 publicms2.mail2world.com.;5 publicms1.mail2world.com.;;
mail2saturn.com;10 publicms2.mail2world.com.;5 publicms1.mail2world.com.;;
mail2saudi.com;5 publicms1.mail2world.com.;10 publicms2.mail2world.com.;;
mail2saudiarabia.com;5 publicms1.mail2world.com.;10 publicms2.mail2world.com.;;
mail2save.com;5 publicms1.mail2world.com.;10 publicms2.mail2world.com.;;
mail2savings.com;10 publicms2.mail2world.com.;5 publicms1.mail2world.com.;;
mail2school.com;5 publicms1.mail2world.com.;10 publicms2.mail2world.com.;;
mail2scientist.com;5 publicms1.mail2world.com.;10 publicms2.mail2world.com.;;
mail2scorpio.com;10 publicms2.mail2world.com.;5 publicms1.mail2world.com.;;
mail2scott.com;10 publicms2.mail2world.com.;5 publicms1.mail2world.com.;;
mail2sean.com;5 publicms1.mail2world.com.;10 publicms2.mail2world.com.;;
mail2search.com;10 publicms2.mail2world.com.;5 publicms1.mail2world.com.;;
mail2seattle.com;5 publicms1.mail2world.com.;10 publicms2.mail2world.com.;;
mail2secretagent.com;5 publicms1.mail2world.com.;10 publicms2.mail2world.com.;;
mail2senate.com;5 publicms1.mail2world.com.;10 publicms2.mail2world.com.;;
mail2senegal.com;5 publicms1.mail2world.com.;10 publicms2.mail2world.com.;;
mail2sensual.com;5 publicms1.mail2world.com.;10 publicms2.mail2world.com.;;
mail2seth.com;5 publicms1.mail2world.com.;10 publicms2.mail2world.com.;;
mail2sevenseas.com;10 publicms2.mail2world.com.;5 publicms1.mail2world.com.;;
mail2sexy.com;5 publicms1.mail2world.com.;10 publicms2.mail2world.com.;;
mail2seychelles.com;5 publicms1.mail2world.com.;10 publicms2.mail2world.com.;;
mail2shane.com;5 publicms1.mail2world.com.;10 publicms2.mail2world.com.;;
mail2sharon.com;5 publicms1.mail2world.com.;10 publicms2.mail2world.com.;;
mail2shawn.com;5 publicms1.mail2world.com.;10 publicms2.mail2world.com.;;
mail2ship.com;10 publicms2.mail2world.com.;5 publicms1.mail2world.com.;;
mail2shirley.com;10 publicms2.mail2world.com.;5 publicms1.mail2world.com.;;
mail2shoot.com;5 publicms1.mail2world.com.;10 publicms2.mail2world.com.;;
mail2shuttle.com;10 publicms2.mail2world.com.;5 publicms1.mail2world.com.;;
mail2sierraleone.com;5 publicms1.mail2world.com.;10 publicms2.mail2world.com.;;
mail2simon.com;5 publicms1.mail2world.com.;10 publicms2.mail2world.com.;;
mail2singapore.com;10 publicms2.mail2world.com.;5 publicms1.mail2world.com.;;
mail2single.com;5 publicms1.mail2world.com.;10 publicms2.mail2world.com.;;
mail2site.com;10 publicms2.mail2world.com.;5 publicms1.mail2world.com.;;
mail2skater.com;10 publicms2.mail2world.com.;5 publicms1.mail2world.com.;;
mail2skier.com;10 publicms2.mail2world.com.;5 publicms1.mail2world.com.;;
mail2sky.com;5 publicms1.mail2world.com.;10 publicms2.mail2world.com.;;
mail2sleek.com;5 publicms1.mail2world.com.;10 publicms2.mail2world.com.;;
mail2slim.com;10 publicms2.mail2world.com.;5 publicms1.mail2world.com.;;
mail2slovakia.com;5 publicms1.mail2world.com.;10 publicms2.mail2world.com.;;
mail2slovenia.com;10 publicms2.mail2world.com.;5 publicms1.mail2world.com.;;
mail2smile.com;5 publicms1.mail2world.com.;10 publicms2.mail2world.com.;;
mail2smith.com;5 publicms1.mail2world.com.;10 publicms2.mail2world.com.;;
mail2smooth.com;10 publicms2.mail2world.com.;5 publicms1.mail2world.com.;;
mail2soccer.com;10 publicms2.mail2world.com.;5 publicms1.mail2world.com.;;
mail2soccerfan.com;5 publicms1.mail2world.com.;10 publicms2.mail2world.com.;;
mail2socialist.com;10 publicms2.mail2world.com.;5 publicms1.mail2world.com.;;
mail2soldier.com;5 publicms1.mail2world.com.;10 publicms2.mail2world.com.;;
mail2somalia.com;5 publicms1.mail2world.com.;10 publicms2.mail2world.com.;;
mail2son.com;10 publicms2.mail2world.com.;5 publicms1.mail2world.com.;;
mail2song.com;5 publicms1.mail2world.com.;10 publicms2.mail2world.com.;;
mail2sos.com;10 publicms2.mail2world.com.;5 publicms1.mail2world.com.;;
mail2sound.com;5 publicms1.mail2world.com.;10 publicms2.mail2world.com.;;
mail2southafrica.com;5 publicms1.mail2world.com.;10 publicms2.mail2world.com.;;
mail2southamerica.com;10 publicms2.mail2world.com.;5 publicms1.mail2world.com.;;
mail2southcarolina.com;10 publicms2.mail2world.com.;5 publicms1.mail2world.com.;;
mail2southdakota.com;5 publicms1.mail2world.com.;10 publicms2.mail2world.com.;;
mail2southkorea.com;10 publicms2.mail2world.com.;5 publicms1.mail2world.com.;;
mail2southpole.com;10 publicms2.mail2world.com.;5 publicms1.mail2world.com.;;
mail2spain.com;5 publicms1.mail2world.com.;10 publicms2.mail2world.com.;;
mail2spanish.com;10 publicms2.mail2world.com.;5 publicms1.mail2world.com.;;
mail2spare.com;10 publicms2.mail2world.com.;5 publicms1.mail2world.com.;;
mail2spectrum.com;10 publicms2.mail2world.com.;5 publicms1.mail2world.com.;;
mail2splash.com;10 publicms2.mail2world.com.;5 publicms1.mail2world.com.;;
mail2sponsor.com;10 publicms2.mail2world.com.;5 publicms1.mail2world.com.;;
mail2sports.com;10 publicms2.mail2world.com.;5 publicms1.mail2world.com.;;
mail2srilanka.com;10 publicms2.mail2world.com.;5 publicms1.mail2world.com.;;
mail2stacy.com;5 publicms1.mail2world.com.;10 publicms2.mail2world.com.;;
mail2stan.com;10 publicms2.mail2world.com.;5 publicms1.mail2world.com.;;
mail2stanley.com;5 publicms1.mail2world.com.;10 publicms2.mail2world.com.;;
mail2star.com;10 publicms2.mail2world.com.;5 publicms1.mail2world.com.;;
mail2state.com;10 publicms2.mail2world.com.;5 publicms1.mail2world.com.;;
mail2stephanie.com;10 publicms2.mail2world.com.;5 publicms1.mail2world.com.;;
mail2steve.com;5 publicms1.mail2world.com.;10 publicms2.mail2world.com.;;
mail2steven.com;10 publicms2.mail2world.com.;5 publicms1.mail2world.com.;;
mail2stewart.com;5 publicms1.mail2world.com.;10 publicms2.mail2world.com.;;
mail2stlouis.com;10 publicms2.mail2world.com.;5 publicms1.mail2world.com.;;
mail2stock.com;5 publicms1.mail2world.com.;10 publicms2.mail2world.com.;;
mail2stockholm.com;5 publicms1.mail2world.com.;10 publicms2.mail2world.com.;;
mail2stockmarket.com;5 publicms1.mail2world.com.;10 publicms2.mail2world.com.;;
mail2storage.com;10 publicms2.mail2world.com.;5 publicms1.mail2world.com.;;
mail2store.com;5 publicms1.mail2world.com.;10 publicms2.mail2world.com.;;
mail2strong.com;10 publicms2.mail2world.com.;5 publicms1.mail2world.com.;;
mail2student.com;10 publicms2.mail2world.com.;5 publicms1.mail2world.com.;;
mail2studio.com;5 publicms1.mail2world.com.;10 publicms2.mail2world.com.;;
mail2studio54.com;5 publicms1.mail2world.com.;10 publicms2.mail2world.com.;;
mail2stuntman.com;10 publicms2.mail2world.com.;5 publicms1.mail2world.com.;;
mail2subscribe.com;10 publicms2.mail2world.com.;5 publicms1.mail2world.com.;;
mail2sudan.com;10 publicms2.mail2world.com.;5 publicms1.mail2world.com.;;
mail2superstar.com;10 publicms2.mail2world.com.;5 publicms1.mail2world.com.;;
mail2surfer.com;10 publicms2.mail2world.com.;5 publicms1.mail2world.com.;;
mail2suriname.com;10 publicms2.mail2world.com.;5 publicms1.mail2world.com.;;
mail2susan.com;10 publicms2.mail2world.com.;5 publicms1.mail2world.com.;;
mail2suzie.com;10 publicms2.mail2world.com.;5 publicms1.mail2world.com.;;
mail2swaziland.com;5 publicms1.mail2world.com.;10 publicms2.mail2world.com.;;
mail2sweden.com;5 publicms1.mail2world.com.;10 publicms2.mail2world.com.;;
mail2sweetheart.com;10 publicms2.mail2world.com.;5 publicms1.mail2world.com.;;
mail2swim.com;10 publicms2.mail2world.com.;5 publicms1.mail2world.com.;;
mail2swimmer.com;5 publicms1.mail2world.com.;10 publicms2.mail2world.com.;;
mail2swiss.com;5 publicms1.mail2world.com.;10 publicms2.mail2world.com.;;
mail2switzerland.com;10 publicms2.mail2world.com.;5 publicms1.mail2world.com.;;
mail2sydney.com;5 publicms1.mail2world.com.;10 publicms2.mail2world.com.;;
mail2sylvia.com;10 publicms2.mail2world.com.;5 publicms1.mail2world.com.;;
mail2syria.com;10 publicms2.mail2world.com.;5 publicms1.mail2world.com.;;
mail2taboo.com;5 publicms1.mail2world.com.;10 publicms2.mail2world.com.;;
mail2taiwan.com;5 publicms1.mail2world.com.;10 publicms2.mail2world.com.;;
mail2tajikistan.com;10 publicms2.mail2world.com.;5 publicms1.mail2world.com.;;
mail2tammy.com;10 publicms2.mail2world.com.;5 publicms1.mail2world.com.;;
mail2tango.com;10 publicms2.mail2world.com.;5 publicms1.mail2world.com.;;
mail2tanya.com;10 publicms2.mail2world.com.;5 publicms1.mail2world.com.;;
mail2tanzania.com;5 publicms1.mail2world.com.;10 publicms2.mail2world.com.;;
mail2tara.com;5 publicms1.mail2world.com.;10 publicms2.mail2world.com.;;
mail2taurus.com;5 publicms1.mail2world.com.;10 publicms2.mail2world.com.;;
mail2taxi.com;5 publicms1.mail2world.com.;10 publicms2.mail2world.com.;;
mail2taxidermist.com;5 publicms1.mail2world.com.;10 publicms2.mail2world.com.;;
mail2taylor.com;5 publicms1.mail2world.com.;10 publicms2.mail2world.com.;;
mail2taz.com;5 publicms1.mail2world.com.;10 publicms2.mail2world.com.;;
mail2teacher.com;5 publicms1.mail2world.com.;10 publicms2.mail2world.com.;;
mail2technician.com;10 publicms2.mail2world.com.;5 publicms1.mail2world.com.;;
mail2ted.com;5 publicms1.mail2world.com.;10 publicms2.mail2world.com.;;
mail2telephone.com;5 publicms1.mail2world.com.;10 publicms2.mail2world.com.;;
mail2tenderness.com;10 publicms2.mail2world.com.;5 publicms1.mail2world.com.;;
mail2tennessee.com;10 publicms2.mail2world.com.;5 publicms1.mail2world.com.;;
mail2tennis.com;10 publicms2.mail2world.com.;5 publicms1.mail2world.com.;;
mail2tennisfan.com;5 publicms1.mail2world.com.;10 publicms2.mail2world.com.;;
mail2terri.com;10 publicms2.mail2world.com.;5 publicms1.mail2world.com.;;
mail2terry.com;10 publicms2.mail2world.com.;5 publicms1.mail2world.com.;;
mail2test.com;10 publicms2.mail2world.com.;5 publicms1.mail2world.com.;;
mail2texas.com;10 publicms2.mail2world.com.;5 publicms1.mail2world.com.;;
mail2thailand.com;10 publicms2.mail2world.com.;5 publicms1.mail2world.com.;;
mail2therapy.com;10 publicms2.mail2world.com.;5 publicms1.mail2world.com.;;
mail2think.com;10 publicms2.mail2world.com.;5 publicms1.mail2world.com.;;
mail2tickets.com;5 publicms1.mail2world.com.;10 publicms2.mail2world.com.;;
mail2tiffany.com;5 publicms1.mail2world.com.;10 publicms2.mail2world.com.;;
mail2tim.com;10 publicms2.mail2world.com.;5 publicms1.mail2world.com.;;
mail2time.com;10 publicms2.mail2world.com.;5 publicms1.mail2world.com.;;
mail2timothy.com;10 publicms2.mail2world.com.;5 publicms1.mail2world.com.;;
mail2tina.com;10 publicms2.mail2world.com.;5 publicms1.mail2world.com.;;
mail2titanic.com;10 publicms2.mail2world.com.;5 publicms1.mail2world.com.;;
mail2toby.com;10 publicms2.mail2world.com.;5 publicms1.mail2world.com.;;
mail2todd.com;5 publicms1.mail2world.com.;10 publicms2.mail2world.com.;;
mail2togo.com;10 publicms2.mail2world.com.;5 publicms1.mail2world.com.;;
mail2tom.com;10 publicms2.mail2world.com.;5 publicms1.mail2world.com.;;
mail2tommy.com;10 publicms2.mail2world.com.;5 publicms1.mail2world.com.;;
mail2tonga.com;10 publicms2.mail2world.com.;5 publicms1.mail2world.com.;;
mail2tony.com;10 publicms2.mail2world.com.;5 publicms1.mail2world.com.;;
mail2touch.com;10 publicms2.mail2world.com.;5 publicms1.mail2world.com.;;
mail2tourist.com;5 publicms1.mail2world.com.;10 publicms2.mail2world.com.;;
mail2tracey.com;5 publicms1.mail2world.com.;10 publicms2.mail2world.com.;;
mail2tracy.com;10 publicms2.mail2world.com.;5 publicms1.mail2world.com.;;
mail2tramp.com;10 publicms2.mail2world.com.;5 publicms1.mail2world.com.;;
mail2travel.com;10 publicms2.mail2world.com.;5 publicms1.mail2world.com.;;
mail2traveler.com;5 publicms1.mail2world.com.;10 publicms2.mail2world.com.;;
mail2travis.com;5 publicms1.mail2world.com.;10 publicms2.mail2world.com.;;
mail2trekkie.com;5 publicms1.mail2world.com.;10 publicms2.mail2world.com.;;
mail2trex.com;5 publicms1.mail2world.com.;10 publicms2.mail2world.com.;;
mail2triallawyer.com;10 publicms2.mail2world.com.;5 publicms1.mail2world.com.;;
mail2trick.com;5 publicms1.mail2world.com.;10 publicms2.mail2world.com.;;
mail2trillionaire.com;10 publicms2.mail2world.com.;5 publicms1.mail2world.com.;;
mail2troy.com;5 publicms1.mail2world.com.;10 publicms2.mail2world.com.;;
mail2truck.com;5 publicms1.mail2world.com.;10 publicms2.mail2world.com.;;
mail2trump.com;10 publicms2.mail2world.com.;5 publicms1.mail2world.com.;;
mail2try.com;5 publicms1.mail2world.com.;10 publicms2.mail2world.com.;;
mail2tunisia.com;10 publicms2.mail2world.com.;5 publicms1.mail2world.com.;;
mail2turbo.com;10 publicms2.mail2world.com.;5 publicms1.mail2world.com.;;
mail2turkey.com;5 publicms1.mail2world.com.;10 publicms2.mail2world.com.;;
mail2turkmenistan.com;5 publicms1.mail2world.com.;10 publicms2.mail2world.com.;;
mail2tv.com;5 publicms1.mail2world.com.;10 publicms2.mail2world.com.;;
mail2tycoon.com;5 publicms1.mail2world.com.;10 publicms2.mail2world.com.;;
mail2tyler.com;5 publicms1.mail2world.com.;10 publicms2.mail2world.com.;;
mail2u4me.com;5 publicms1.mail2world.com.;10 publicms2.mail2world.com.;;
mail2uae.com;5 publicms1.mail2world.com.;10 publicms2.mail2world.com.;;
mail2uganda.com;5 publicms1.mail2world.com.;10 publicms2.mail2world.com.;;
mail2uk.com;5 publicms1.mail2world.com.;10 publicms2.mail2world.com.;;
mail2ukraine.com;10 publicms2.mail2world.com.;5 publicms1.mail2world.com.;;
mail2uncle.com;5 publicms1.mail2world.com.;10 publicms2.mail2world.com.;;
mail2unsubscribe.com;10 publicms2.mail2world.com.;5 publicms1.mail2world.com.;;
mail2uptown.com;10 publicms2.mail2world.com.;5 publicms1.mail2world.com.;;
mail2uruguay.com;5 publicms1.mail2world.com.;10 publicms2.mail2world.com.;;
mail2usa.com;20 fallbackmx.spamesxperts.eu.;30 lastmx.spamexperts.net.;5 publicms1.mail2world.com.;10 publicms2.mail2world.com.;10 mx.spamexperts.com.;;
mail2utah.com;5 publicms1.mail2world.com.;10 publicms2.mail2world.com.;;
mail2uzbekistan.com;5 publicms1.mail2world.com.;10 publicms2.mail2world.com.;;
mail2v.com;5 publicms1.mail2world.com.;10 publicms2.mail2world.com.;;
mail2vacation.com;5 publicms1.mail2world.com.;10 publicms2.mail2world.com.;;
mail2valentines.com;10 publicms2.mail2world.com.;5 publicms1.mail2world.com.;;
mail2valerie.com;10 publicms2.mail2world.com.;5 publicms1.mail2world.com.;;
mail2valley.com;5 publicms1.mail2world.com.;10 publicms2.mail2world.com.;;
mail2vamoose.com;5 publicms1.mail2world.com.;10 publicms2.mail2world.com.;;
mail2vanessa.com;10 publicms2.mail2world.com.;5 publicms1.mail2world.com.;;
mail2vanuatu.com;10 publicms2.mail2world.com.;5 publicms1.mail2world.com.;;
mail2venezuela.com;10 publicms2.mail2world.com.;5 publicms1.mail2world.com.;;
mail2venous.com;5 publicms1.mail2world.com.;10 publicms2.mail2world.com.;;
mail2venus.com;5 publicms1.mail2world.com.;10 publicms2.mail2world.com.;;
mail2vermont.com;5 publicms1.mail2world.com.;10 publicms2.mail2world.com.;;
mail2vickie.com;5 publicms1.mail2world.com.;10 publicms2.mail2world.com.;;
mail2victor.com;10 publicms2.mail2world.com.;5 publicms1.mail2world.com.;;
mail2victoria.com;10 publicms2.mail2world.com.;5 publicms1.mail2world.com.;;
mail2vienna.com;10 publicms2.mail2world.com.;5 publicms1.mail2world.com.;;
mail2vietnam.com;10 publicms2.mail2world.com.;5 publicms1.mail2world.com.;;
mail2vince.com;10 publicms2.mail2world.com.;5 publicms1.mail2world.com.;;
mail2virginia.com;10 publicms2.mail2world.com.;5 publicms1.mail2world.com.;;
mail2virgo.com;10 publicms2.mail2world.com.;5 publicms1.mail2world.com.;;
mail2visionary.com;10 publicms2.mail2world.com.;5 publicms1.mail2world.com.;;
mail2vodka.com;5 publicms1.mail2world.com.;10 publicms2.mail2world.com.;;
mail2volleyball.com;5 publicms1.mail2world.com.;10 publicms2.mail2world.com.;;
mail2waiter.com;10 publicms2.mail2world.com.;5 publicms1.mail2world.com.;;
mail2wallstreet.com;5 publicms1.mail2world.com.;10 publicms2.mail2world.com.;;
mail2wally.com;10 publicms2.mail2world.com.;5 publicms1.mail2world.com.;;
mail2walter.com;5 publicms1.mail2world.com.;10 publicms2.mail2world.com.;;
mail2warren.com;10 publicms2.mail2world.com.;5 publicms1.mail2world.com.;;
mail2washington.com;10 publicms2.mail2world.com.;5 publicms1.mail2world.com.;;
mail2wave.com;5 publicms1.mail2world.com.;10 publicms2.mail2world.com.;;
mail2way.com;10 publicms2.mail2world.com.;5 publicms1.mail2world.com.;;
mail2waycool.com;10 publicms2.mail2world.com.;5 publicms1.mail2world.com.;;
mail2wayne.com;10 publicms2.mail2world.com.;5 publicms1.mail2world.com.;;
mail2webmaster.com;10 publicms2.mail2world.com.;5 publicms1.mail2world.com.;;
mail2webtop.com;10 publicms2.mail2world.com.;5 publicms1.mail2world.com.;;
mail2webtv.com;10 publicms2.mail2world.com.;5 publicms1.mail2world.com.;;
mail2weird.com;5 publicms1.mail2world.com.;10 publicms2.mail2world.com.;;
mail2wendell.com;10 publicms2.mail2world.com.;5 publicms1.mail2world.com.;;
mail2wendy.com;5 publicms1.mail2world.com.;10 publicms2.mail2world.com.;;
mail2westend.com;10 publicms2.mail2world.com.;5 publicms1.mail2world.com.;;
mail2westvirginia.com;5 publicms1.mail2world.com.;10 publicms2.mail2world.com.;;
mail2whether.com;5 publicms1.mail2world.com.;10 publicms2.mail2world.com.;;
mail2whip.com;10 publicms2.mail2world.com.;5 publicms1.mail2world.com.;;
mail2white.com;10 publicms2.mail2world.com.;5 publicms1.mail2world.com.;;
mail2whitehouse.com;5 publicms1.mail2world.com.;10 publicms2.mail2world.com.;;
mail2whitney.com;5 publicms1.mail2world.com.;10 publicms2.mail2world.com.;;
mail2why.com;10 publicms2.mail2world.com.;5 publicms1.mail2world.com.;;
mail2wilbur.com;5 publicms1.mail2world.com.;10 publicms2.mail2world.com.;;
mail2wild.com;10 publicms2.mail2world.com.;5 publicms1.mail2world.com.;;
mail2willard.com;5 publicms1.mail2world.com.;10 publicms2.mail2world.com.;;
mail2willie.com;5 publicms1.mail2world.com.;10 publicms2.mail2world.com.;;
mail2wine.com;10 publicms2.mail2world.com.;5 publicms1.mail2world.com.;;
mail2winner.com;5 publicms1.mail2world.com.;10 publicms2.mail2world.com.;;
mail2wired.com;10 publicms2.mail2world.com.;5 publicms1.mail2world.com.;;
mail2wisconsin.com;10 publicms2.mail2world.com.;5 publicms1.mail2world.com.;;
mail2woman.com;10 publicms2.mail2world.com.;5 publicms1.mail2world.com.;;
mail2wonder.com;10 publicms2.mail2world.com.;5 publicms1.mail2world.com.;;
mail2world.com;10 publicms2.mail2world.com.;10 publicms3.mail2world.com.;10 publicms1.mail2world.com.;;
mail2worship.com;5 publicms1.mail2world.com.;10 publicms2.mail2world.com.;;
mail2wow.com;10 publicms2.mail2world.com.;5 publicms1.mail2world.com.;;
mail2www.com;10 publicms2.mail2world.com.;5 publicms1.mail2world.com.;;
mail2wyoming.com;5 publicms1.mail2world.com.;10 publicms2.mail2world.com.;;
mail2xfiles.com;10 publicms2.mail2world.com.;5 publicms1.mail2world.com.;;
mail2xox.com;5 publicms1.mail2world.com.;10 publicms2.mail2world.com.;;
mail2yachtclub.com;5 publicms1.mail2world.com.;10 publicms2.mail2world.com.;;
mail2yahalla.com;10 publicms2.mail2world.com.;5 publicms1.mail2world.com.;;
mail2yemen.com;5 publicms1.mail2world.com.;10 publicms2.mail2world.com.;;
mail2yes.com;10 publicms2.mail2world.com.;5 publicms1.mail2world.com.;;
mail2yugoslavia.com;5 publicms1.mail2world.com.;10 publicms2.mail2world.com.;;
mail2zack.com;10 publicms2.mail2world.com.;5 publicms1.mail2world.com.;;
mail2zambia.com;10 publicms2.mail2world.com.;5 publicms1.mail2world.com.;;
mail2zenith.com;5 publicms1.mail2world.com.;10 publicms2.mail2world.com.;;
mail2zephir.com;10 publicms2.mail2world.com.;5 publicms1.mail2world.com.;;
mail2zeus.com;5 publicms1.mail2world.com.;10 publicms2.mail2world.com.;;
mail2zipper.com;5 publicms1.mail2world.com.;10 publicms2.mail2world.com.;;
mail2zoo.com;10 publicms2.mail2world.com.;5 publicms1.mail2world.com.;;
mail2zoologist.com;10 publicms2.mail2world.com.;5 publicms1.mail2world.com.;;
mail2zurich.com;5 publicms1.mail2world.com.;10 publicms2.mail2world.com.;;
mail3000.com;;
mail4trash.com;;
mail4u.info;10 mail.mail4u.info.;;
mailandftp.com;10 in1-smtp.messagingengine.com.;20 in2-smtp.messagingengine.com.;;
mailandnews.com;20 alt1.aspmx.l.google.com.;20 alt2.aspmx.l.google.com.;30 aspmx2.googlemail.com.;30 aspmx3.googlemail.com.;30 aspmx4.googlemail.com.;30 aspmx5.googlemail.com.;10 aspmx.l.google.com.;;
mailas.com;20 in2-smtp.messagingengine.com.;10 in1-smtp.messagingengine.com.;;
mailasia.com;;
mailbolt.com;20 in2-smtp.messagingengine.com.;10 in1-smtp.messagingengine.com.;;
mailbomb.net;10 mx.generic-isp.com.;;
mailboom.com;;
mailbox.as;20 mx.netidentity.com.cust.hostedemail.com.;10 mx.netidentity.com.cust.hostedemail.com.;;
mailbox.co.za;1 mx.dka.mailcore.net.;;
mailbox.gr;20 fallbackmx.spamexperts.eu.;30 lastmx.spamexperts.net.;10 mx.spamexperts.com.;;
mailbox.hu;10 mail.mailbox.hu.;;
mailc.net;10 in1-smtp.messagingengine.com.;20 in2-smtp.messagingengine.com.;;
mailcan.com;20 in2-smtp.messagingengine.com.;10 in1-smtp.messagingengine.com.;;
mailcc.com;10 mailforward.dnsv.jp.;;
mailcity.com;5 mx.lycos.com.cust.b.hostedemail.com.;;
mailclub.fr;0 mailclub-fr.mail.protection.outlook.com.;;
mailexcite.com;10 xmxpita.excite.com.;;
mailforce.net;10 in1-smtp.messagingengine.com.;20 in2-smtp.messagingengine.com.;;
mailftp.com;20 in2-smtp.messagingengine.com.;10 in1-smtp.messagingengine.com.;;
mailgenie.net;10 mta1.mailgenie.net.;;
mailhaven.com;10 in1-smtp.messagingengine.com.;20 in2-smtp.messagingengine.com.;;
mailhood.com;20 mail2.mailhood.com.;10 mail.mailhood.com.;;
mailinblack.com;10 mx-asgard.mailinblack.com.;;
mailingaddress.org;20 in2-smtp.messagingengine.com.;10 in1-smtp.messagingengine.com.;;
mailingweb.com;0 mail.mailingweb.com.;;
mailisent.com;10 mx.55mail.jp.;;
mailite.com;20 in2-smtp.messagingengine.com.;10 in1-smtp.messagingengine.com.;;
mailme.dk;10 mx1.mailme.dk.;10 mx2.mailme.dk.;10 mx3.mailme.dk.;;
mailmight.com;10 in1-smtp.messagingengine.com.;20 in2-smtp.messagingengine.com.;;
mailnator.com;0 localhost.;;
mailnew.com;20 in2-smtp.messagingengine.com.;10 in1-smtp.messagingengine.com.;;
mailoye.com;10 mx.55mail.jp.;;
mailpanda.com;10 mxbiz1.qq.com.;;
mailpost.zzn.com;40 mx2.emailsrvr.com.;20 mx1.emailsrvr.com.;;
mailpride.com;;
mailpuppy.com;10 mailpuppy-com.mail.protection.outlook.com.;;
mailquack.com;;
mailroom.com;;
mailru.com;10 mxs.mail.ru.;;
mailsent.net;20 in2-smtp.messagingengine.com.;10 in1-smtp.messagingengine.com.;;
mailservice.ms;10 in1-smtp.messagingengine.com.;20 in2-smtp.messagingengine.com.;;
mailshuttle.com;;
mailstart.com;5 mx1.emailsrvr.com.;10 mx2.emailsrvr.com.;;
mailstartplus.com;10 mx2.emailsrvr.com.;5 mx1.emailsrvr.com.;;
mailsurf.com;;
mailtag.com;30 aspmx2.googlemail.com.;20 alt2.aspmx.l.google.com.;30 aspmx4.googlemail.com.;30 aspmx5.googlemail.com.;10 aspmx.l.google.com.;30 aspmx3.googlemail.com.;20 alt1.aspmx.l.google.com.;;
mailto.de;0 localhost.;;
mailueberfall.de;10 mx01.emig.gmx.net.;10 mx00.emig.gmx.net.;;
mailup.net;10 in1-smtp.messagingengine.com.;20 in2-smtp.messagingengine.com.;;
mailwire.com;;
mailworks.org;10 in1-smtp.messagingengine.com.;20 in2-smtp.messagingengine.com.;;
mailzilla.org;;
maktoob.com;0 mx-mail.maktoob.ukl.yahoo.net.;;
malayalamtelevision.net;;
maltesemail.com;;
mamber.net;10 gourmet7.spamgourmet.com.;;
manager.de;10 mx00.ionos.de.;10 mx01.ionos.de.;;
mancity.net;1 sitemail.everyone.net.;;
mantrafreenet.com;0 mail.mantrafreenet.com.;;
mantramail.com;1 mail.mailerhost.net.;;
marchmail.com;10 mx01.mail.com.;10 mx00.mail.com.;;
mariahc.com;;
marijuana.com;;
marijuana.nl;10 mx10.antispam.mailspamprotection.com.;30 mx30.antispam.mailspamprotection.com.;20 mx20.antispam.mailspamprotection.com.;;
married-not.com;10 mx.55mail.jp.;;
martindalemail.com;10 reply-mx.s4.exacttarget.com.;;
mash4077.com;;
masrawy.com;10 mx.linkdatacenter.net.;;
matmail.com;;
mauimail.com;10 mx2.mxof.com.;10 mx1.mxof.com.;;
mauritius.com;10 mx1.emailsrvr.com.;20 mx2.emailsrvr.com.;0 mauritius-com.mail.protection.outlook.com.;;
maxmail.co.uk;100 us2.mx1.mailhostbox.com.;100 us2.mx3.mailhostbox.com.;100 us2.mx2.mailhostbox.com.;;
mbox.com.au;10 mx2.fusemail.net.;5 mx.fusemail.net.;10 mx3.fusemail.net.;;
me.com;10 mx02.mail.icloud.com.;10 mx01.mail.icloud.com.;;
medical.net.au;10 aspmx3.googlemail.com.;5 alt1.aspmx.l.google.com.;5 alt2.aspmx.l.google.com.;1 aspmx.l.google.com.;10 aspmx2.googlemail.com.;;
medscape.com;1 aspmx.l.google.com.;10 alt3.aspmx.l.google.com.;10 alt4.aspmx.l.google.com.;5 alt1.aspmx.l.google.com.;5 alt2.aspmx.l.google.com.;;
meetingmall.com;10 mailstore1.secureserver.net.;0 smtp.secureserver.net.;;
megapoint.com;10 mailx.gridhost.com.;;
mehtaweb.com;10 mx1.forwardemail.net.;10 mx2.forwardemail.net.;;
meine-dateien.info;10 mx01.emig.gmx.net.;10 mx00.emig.gmx.net.;;
meine-diashow.de;10 mx01.emig.gmx.net.;10 mx00.emig.gmx.net.;;
meine-fotos.info;10 mx01.emig.gmx.net.;10 mx00.emig.gmx.net.;;
meine-urlaubsfotos.de;10 mx01.emig.gmx.net.;10 mx00.emig.gmx.net.;;
mekhong.com;0 mekhong.com.;;
melodymail.com;;
message.hu;10 mx.adverticum.net.;;
messages.to;;
metacrawler.com;;
metalfan.com;10 mx00.mail.com.;10 mx01.mail.com.;;
metaping.com;;
metta.lk;5 mx1-hosting.jellyfish.systems.;20 mx3-hosting.jellyfish.systems.;10 mx2-hosting.jellyfish.systems.;;
mexicomail.com;10 mx00.mail.com.;10 mx01.mail.com.;;
miesto.sk;;
mighty.co.za;1 mx.dka.mailcore.net.;;
miho-nakayama.com;10 mx01.mail.com.;10 mx00.mail.com.;;
mikrotamanet.com;10 mx.55mail.jp.;;
millionaireintraining.com;;
millionairemail.com;20 mx04.memail.com.;10 mx01.memail.com.;10 mx02.memail.com.;20 mx03.memail.com.;;
milmail.com;;
mindless.com;10 mx01.mail.com.;10 mx00.mail.com.;;
mindspring.com;5 mx04.earthlink-vadesecure.net.;5 mx01.earthlink-vadesecure.net.;5 mx02.earthlink-vadesecure.net.;5 mx03.earthlink-vadesecure.net.;;
minister.com;10 mx00.mail.com.;10 mx01.mail.com.;;
misery.net;;
mittalweb.com;10 mx.55mail.jp.;;
mixmail.com;10 ing.wanadoo.es.;;
mjfrogmail.com;10 mx.55mail.jp.;;
ml1.net;10 in1-smtp.messagingengine.com.;20 in2-smtp.messagingengine.com.;;
mm.st;20 in2-smtp.messagingengine.com.;10 in1-smtp.messagingengine.com.;;
mns.ru;10 homer.westcall.net.;;
mochamail.com;10 mx.mochamail.com.;;
mohammed.com;20 mx.netidentity.com.cust.hostedemail.com.;10 mx.netidentity.com.cust.hostedemail.com.;;
moldova.cc;10 mail.moldova.cc.;;
moldova.com;;
moldovacc.com;0 moldovacc.com.;;
momslife.com;0 smtp.secureserver.net.;10 mailstore1.secureserver.net.;;
money.net;0 money-net.mail.protection.outlook.com.;;
montevideo.com.uy;10 zcs8-mvd-mta-mx3.montevideo.com.uy.;10 zcs8-mvd-mta-mx7.montevideo.com.uy.;10 zcs8-mvd-mta-mx8.montevideo.com.uy.;10 zcs8-mvd-mta-mx9.montevideo.com.uy.;10 zcs8-mvd-mta-mx1.montevideo.com.uy.;10 zcs8-mvd-mta-mx2.montevideo.com.uy.;;
moonman.com;;
moose-mail.com;10 mx37.mb5p.com.;20 mx37.m1bp.com.;;
mortaza.com;;
moscowmail.com;10 mx00.mail.com.;10 mx01.mail.com.;;
mostlysunny.com;;
motormania.com;0 smtp.secureserver.net.;10 mailstore1.secureserver.net.;;
movemail.com;10 mx01.mail.com.;10 mx00.mail.com.;;
movieluver.com;10 mailer.mxnetworks.org.;;
mp4.it;;
mr-potatohead.com;10 mx01.5ax.org.;;
msgbox.com;11 mx01.1and1.com.;10 mx00.1and1.com.;;
msn.cn;10 70731977.pamx1.hotmail.com.;;
msn.com;2 msn-com.olc.protection.outlook.com.;;
mttestdriver.com;20 spooler.earthlink.net.;10 mail1.chek.com.;;
munich.com;10 mx01.mail.com.;10 mx00.mail.com.;;
music.com;10 alt3.aspmx.l.google.com.;10 alt4.aspmx.l.google.com.;5 alt1.aspmx.l.google.com.;5 alt2.aspmx.l.google.com.;1 aspmx.l.google.com.;;
musician.org;10 mx00.mail.com.;10 mx01.mail.com.;;
musicscene.org;1 aspmx.l.google.com.;5 alt2.aspmx.l.google.com.;10 alt3.aspmx.l.google.com.;5 alt1.aspmx.l.google.com.;10 alt4.aspmx.l.google.com.;;
muskelshirt.de;10 mx00.emig.gmx.net.;10 mx01.emig.gmx.net.;;
muslim.com;10 mx01.mail.com.;10 mx00.mail.com.;;
muslimsonline.com;10 mail.muslimsonline.com.;;
mutantweb.com;;
mybox.it;5 mail.h-email.net.;;
mycity.com;10 mxa.mailgun.org.;10 mxb.mailgun.org.;0 mycity-com.mail.protection.outlook.com.;;
mydomain.com;0 mail.mydomain.com.;;
mydotcomaddress.com;0 mail.host-my-mail.com.;;
myfamily.com;;
myfastmail.com;10 in1-smtp.messagingengine.com.;20 in2-smtp.messagingengine.com.;;
mygo.com;1 mail.mygo.com.;;
myiris.com;5 alt2.aspmx.l.google.com.;1 aspmx.l.google.com.;10 alt3.aspmx.l.google.com.;10 alt4.aspmx.l.google.com.;5 alt1.aspmx.l.google.com.;;
mymacmail.com;20 in2-smtp.messagingengine.com.;10 in1-smtp.messagingengine.com.;;
mynamedot.com;10 mx.55mail.jp.;;
mynetaddress.com;;
myownemail.com;;
mypad.com;;
mypersonalemail.com;20 mx04.memail.com.;10 mx01.memail.com.;20 mx03.memail.com.;10 mx02.memail.com.;;
myplace.com;;
myrambler.ru;10 inmx.rambler.ru.;5 inmx.rambler.ru.;;
myrealbox.com;1 mx203.inbound-mx.net.;1 mx203.inbound-mx.org.;5 mail.h-email.net.;;
myremarq.com;0 62.209.51.224.;0 mx3001.piscesdns.net.;0 mx7602.piscesdns.net.;0 62.209.51.220.;;
myself.com;10 mx01.mail.com.;10 mx00.mail.com.;;
mystupidjob.com;;
mythirdage.com;10 mail.mythirdage.com.;;
myway.com;;
myworldmail.com;20 mx2.myworldmail.com.;10 mx1.myworldmail.com.;;
n2.com;;
n2baseball.com;;
n2mail.com;;
n2soccer.com;0 smtp.secureserver.net.;10 mailstore1.secureserver.net.;;
n2software.com;0 mail.host-my-mail.com.;;
nabc.biz;10 mx.generic-isp.com.;;
nafe.com;0 nafe-com.mail.protection.outlook.com.;;
nakedgreens.com;0 nakedgreens-com.mail.protection.outlook.com.;;
name.com;30 alt2.aspmx.l.google.com.;40 aspmx2.googlemail.com.;50 aspmx3.googlemail.com.;10 aspmx.l.google.com.;20 alt1.aspmx.l.google.com.;;
nandomail.com;10 mail.applied-info-mgmt.com.;;
naplesnews.net;10 mail1.chek.com.;;
naseej.com;0 naseej-com.mail.protection.outlook.com.;;
nativeweb.net;0 sitemail.everyone.net.;;
naui.net;5 mail.h-email.net.;;
naver.com;10 mx2.naver.com.;20 mx4.mail.naver.com.;20 mx5.mail.naver.com.;10 mx1.naver.com.;10 mx3.naver.com.;20 mx6.mail.naver.com.;;
navigator.lv;;
navy.org;;
naz.com;10 mx2-us1.ppe-hosted.com.;10 mx1-us1.ppe-hosted.com.;;
nchoicemail.com;10 mail02.nchoicemail.com.;10 mail03.nchoicemail.com.;10 mail04.nchoicemail.com.;10 mail01.nchoicemail.com.;;
neeva.net;;
nenter.com;;
neo.rr.com;10 pkvw-mx.msg.pkvw.co.charter.net.;;
nervhq.org;10 box.m1lf.party.;;
net-pager.net;10 mx.55mail.jp.;;
net-shopping.com;10 mx00.mail.com.;10 mx01.mail.com.;;
net4b.pt;10 smtp.net4b.pt.;;
net4you.at;20 mx2.net4you.net.;10 mx1.net4you.net.;;
netbounce.com;;
netbroadcaster.com;0 mail.netbroadcaster.com.;;
netby.dk;10 webhotel20.webhosting.dk.;;
netcenter-vn.net;;
netcourrier.com;10 mx.mailo.com.;;
netexecutive.com;;
netexpressway.com;;
netgenie.com;;
netian.com;10 mail.netian.com.;;
netizen.com.ar;10 mx.fibercorp.com.ar.;;
netmongol.com;10 mail.netmongol.com.;;
netnoir.net;;
netpiper.com;10 mail.netpiper.com.;;
netralink.com;10 fm-mail-in.voxtelecom.co.za.;;
netscape.net;15 mx-aol.mail.gm0.yahoodns.net.;;
netspace.net.au;10 mx-10.au-east.atmailcloud.com.;20 mx-20.au-east.atmailcloud.com.;;
netster.com;;
nettaxi.com;;
netterchef.de;10 mx00.emig.gmx.net.;10 mx01.emig.gmx.net.;;
netzero.com;10 mx.dca.untd.com.;10 mx.vgs.untd.com.;;
netzero.net;10 mx.vgs.untd.com.;10 mx.dca.untd.com.;;
neue-dateien.de;10 mx00.emig.gmx.net.;10 mx01.emig.gmx.net.;;
neuro.md;0 mail.mdemail.md.;;
newmail.com;0 aspmx.l.google.com.;;
newmail.net;10 mx01.memail.com.;10 mx02.memail.com.;20 mx04.memail.com.;20 mx03.memail.com.;;
newmail.ru;;
newsboysmail.com;5 mx-b.dc3.filter-mail.com.;5 mx-a.dc3.filter-mail.com.;5 mx-a.dc2.filter-mail.com.;5 mx-b.dc2.filter-mail.com.;;
newyork.com;10 alt3.aspmx.l.google.com.;10 alt4.aspmx.l.google.com.;5 alt1.aspmx.l.google.com.;5 alt2.aspmx.l.google.com.;1 aspmx.l.google.com.;;
nextmail.ru;10 mx.yandex.ru.;;
nexxmail.com;10 eforward3.registrar-servers.com.;20 eforward5.registrar-servers.com.;15 eforward4.registrar-servers.com.;10 eforward1.registrar-servers.com.;10 eforward2.registrar-servers.com.;;
nfmail.com;5 x9.nfmail.com.;;
nicebush.com;;
nicegal.com;5 alt2.aspmx.l.google.com.;1 aspmx.l.google.com.;10 aspmx2.googlemail.com.;10 aspmx3.googlemail.com.;5 alt1.aspmx.l.google.com.;;
nicholastse.net;10 mx00.mail.com.;10 mx01.mail.com.;;
nicolastse.com;10 mx01.mail.com.;10 mx00.mail.com.;;
nightmail.com;;
nikopage.com;10 mx.55mail.jp.;;
nimail.com;;
ninfan.com;10 mx00.mail.com.;10 mx01.mail.com.;;
nirvanafan.com;0 nirvanafan-com.mail.protection.outlook.com.;;
noavar.com;;
nonpartisan.com;10 mx01.mail.com.;10 mx00.mail.com.;;
norika-fujiwara.com;10 mx01.mail.com.;10 mx00.mail.com.;;
norikomail.com;10 mx00.mail.com.;10 mx01.mail.com.;;
northgates.net;10 mx00.ionos.co.uk.;10 mx01.ionos.co.uk.;;
ntscan.com;;
null.net;10 mx00.mail.com.;10 mx01.mail.com.;;
nullbox.info;;
nur-fuer-spam.de;5 smtpin.rzone.de.;;
nwldx.com;10 park-mx.above.com.;;
nxt.ru;10 mx.yandex.ru.;;
ny.com;10 eforward3.registrar-servers.com.;20 eforward5.registrar-servers.com.;15 eforward4.registrar-servers.com.;10 eforward1.registrar-servers.com.;10 eforward2.registrar-servers.com.;;
nybella.com;;
nyc.com;10 mx1.emailsrvr.com.;20 mx2.emailsrvr.com.;;
nycmail.com;10 mx00.mail.com.;10 mx01.mail.com.;;
nzoomail.com;;
o-tay.com;;
o2.co.uk;;
oaklandas-fan.com;20 mx2.oaklandas-fan.com.;10 mx1.oaklandas-fan.com.;;
oath.com;10 mxa-00505701.gslb.pphosted.com.;10 mxb-00505701.gslb.pphosted.com.;;
oceanfree.net;10 inbound.esatclear.ie.;;
oddpost.com;10 mta5.am0.yahoodns.net.;10 mta6.am0.yahoodns.net.;10 mta7.am0.yahoodns.net.;;
odmail.com;;
office-dateien.de;10 mx01.emig.gmx.net.;10 mx00.emig.gmx.net.;;
office-email.com;;
offroadwarrior.com;10 mailstore1.secureserver.net.;0 smtp.secureserver.net.;;
oicexchange.com;;
oikrach.com;;
okbank.com;10 okmail.okbank.com.;;
okhuman.com;1 smtp.google.com.;;
okmad.com;;
okmagic.com;;
okname.net;;
okuk.com;;
oldies104mail.com;10 mx.55mail.jp.;;
ole.com;10 mx.dominios.terra.es.;;
olemail.com;;
olympist.net;;
omaninfo.com;;
omen.ru;10 emx.mail.ru.;20 serv.shoesinfo.ru.;;
onebox.com;30 callmx3.electric.net.;10 callmx1.electric.net.;20 callmx2.electric.net.;;
onenet.com.ar;0 mail.onenet.com.ar.;;
onet.com.pl;2 mx.poczta.onet.pl.;;
onet.eu;2 mx.poczta.onet.pl.;;
onet.pl;1 mx.poczta.onet.pl.;;
oninet.pt;10 a.mx.gtt.smail.eu.;20 b.mx.gtt.smail.eu.;;
online.ie;0 online.ie.;;
onlinewiz.com;;
onmilwaukee.com;20 alt2.aspmx.l.google.com.;30 aspmx3.googlemail.com.;10 aspmx.l.google.com.;30 aspmx5.googlemail.com.;30 aspmx2.googlemail.com.;20 alt1.aspmx.l.google.com.;30 aspmx4.googlemail.com.;;
onobox.com;10 smtp.onobox.com.;;
op.pl;1 mx.poczta.onet.pl.;;
opayq.com;30 mx.junkemailfilter.net.;40 mx.junkemailfilter.org.;20 plato.junkemailfilter.com.;;
operamail.com;;
opoczta.pl;2 mx.poczta.onet.pl.;;
optician.com;10 mx00.mail.com.;10 mx01.mail.com.;;
optonline.net;10 mx.altice.prod.cloud.openwave.ai.;;
optusnet.com.au;20 mx-20.au-east.atmailcloud.com.;10 mx-10.au-east.atmailcloud.com.;;
orange.fr;10 smtp-in.orange.fr.;10 smtp-in2.orange.fr.;;
orbitel.bg;200 mx2.mail.bg.;200 mx1.mail.bg.;500 secondary-mx.mail.bg.;100 mx-balancer.mail.bg.;0 mail3.orbitel.bg.;;
orgmail.net;10 mx.generic-isp.com.;;
orthodontist.net;10 mx00.mail.com.;10 mx01.mail.com.;;
osite.com.br;0 mx.osite.com.br.;;
oso.com;;
otakumail.com;10 mx01.mail.com.;10 mx00.mail.com.;;
our-computer.com;10 mx.55mail.jp.;;
our-office.com;;
our.st;10 mail.register.it.;;
ourbrisbane.com;20 mx2.mail-forwarder.io.;10 mx1.mail-forwarder.io.;;
ournet.md;10 mx.dnt.md.;;
outgun.com;;
outlook.at;10 eur.olc.protection.outlook.com.;;
outlook.be;10 eur.olc.protection.outlook.com.;;
outlook.cl;10 nam.olc.protection.outlook.com.;;
outlook.co.id;10 apc.olc.protection.outlook.com.;;
outlook.co.il;10 eur.olc.protection.outlook.com.;;
outlook.co.nz;10 apc.olc.protection.outlook.com.;;
outlook.co.th;10 apc.olc.protection.outlook.com.;;
outlook.com;5 outlook-com.olc.protection.outlook.com.;;
outlook.com.au;10 apc.olc.protection.outlook.com.;;
outlook.com.br;10 nam.olc.protection.outlook.com.;;
outlook.com.gr;10 eur.olc.protection.outlook.com.;;
outlook.com.pe;10 nam.olc.protection.outlook.com.;;
outlook.com.tr;10 eur.olc.protection.outlook.com.;;
outlook.com.vn;10 apc.olc.protection.outlook.com.;;
outlook.cz;10 eur.olc.protection.outlook.com.;0 outlook-cz.d-v1.mx.microsoft.;;
outlook.de;5 eur.olc.protection.outlook.com.;;
outlook.dk;10 eur.olc.protection.outlook.com.;;
outlook.es;10 eur.olc.protection.outlook.com.;;
outlook.fr;10 eur.olc.protection.outlook.com.;;
outlook.hu;10 eur.olc.protection.outlook.com.;;
outlook.ie;10 eur.olc.protection.outlook.com.;;
outlook.in;10 apc.olc.protection.outlook.com.;;
outlook.it;10 eur.olc.protection.outlook.com.;;
outlook.jp;10 apc.olc.protection.outlook.com.;;
outlook.kr;10 apc.olc.protection.outlook.com.;;
outlook.lv;10 eur.olc.protection.outlook.com.;;
outlook.my;10 apc.olc.protection.outlook.com.;;
outlook.ph;10 apc.olc.protection.outlook.com.;;
outlook.pt;10 eur.olc.protection.outlook.com.;;
outlook.sa;10 apc.olc.protection.outlook.com.;;
outlook.sg;10 apc.olc.protection.outlook.com.;;
outlook.sk;10 eur.olc.protection.outlook.com.;;
over-the-rainbow.com;;
ownmail.net;10 in1-smtp.messagingengine.com.;20 in2-smtp.messagingengine.com.;;
ozbytes.net.au;10 mx2.ozbytes.net.au.;10 mx1.ozbytes.net.au.;;
ozemail.com.au;20 mx-20.au-east.atmailcloud.com.;10 mx-10.au-east.atmailcloud.com.;;
pacbell.net;10 al-ip4-mx-vip1.prodigy.net.;10 ff-ip4-mx-vip1.prodigy.net.;10 al-ip4-mx-vip2.prodigy.net.;10 ff-ip4-mx-vip2.prodigy.net.;;
pacific-ocean.com;10 mx01.mail.com.;10 mx00.mail.com.;;
pacific-re.com;;
pacificwest.com;10 mx01.mail.com.;10 mx00.mail.com.;;
packersfan.com;20 ob-mail-com-bk.mr.outblaze.com.;10 ob-mail-com.mr.outblaze.com.;;
pagina.de;;
pagons.org;10 mx.55mail.jp.;;
pakistanmail.com;10 mail.pakistanmail.com.;;
pakistanoye.com;10 mx.55mail.jp.;;
parkjiyoon.com;10 mx00.mail.com.;10 mx01.mail.com.;;
parrot.com;10 parrot-com.mail.protection.outlook.com.;;
parsmail.com;10 barracuda.cyberannex.com.;;
partlycloudy.com;;
partybombe.de;10 mx00.emig.gmx.net.;10 mx01.emig.gmx.net.;;
partyheld.de;10 mx01.emig.gmx.net.;10 mx00.emig.gmx.net.;;
partynight.at;10 mail.partynight.at.;;
passwordmail.com;;
pathfindermail.com;10 mx01.mail.com.;10 mx00.mail.com.;;
pconnections.net;;
pcsrock.com;0 localhost.;;
pediatrician.com;10 mx01.mail.com.;10 mx00.mail.com.;;
penpen.com;5 mxbiz1.qq.com.;10 mxbiz2.qq.com.;;
peoplepc.com;5 mx02.earthlink-vadesecure.net.;5 mx03.earthlink-vadesecure.net.;5 mx04.earthlink-vadesecure.net.;5 mx01.earthlink-vadesecure.net.;;
peopleweb.com;0 smtp.secureserver.net.;10 mailstore1.secureserver.net.;;
perfectmail.com;10 pmdev2.perfectmail.net.;;
personal.ro;;
personales.com;10 personales.com.;;
petlover.com;10 mx01.mail.com.;10 mx00.mail.com.;;
petml.com;10 in1-smtp.messagingengine.com.;20 in2-smtp.messagingengine.com.;;
pettypool.com;20 mail-2.shnw.net.;10 mail-1.shnw.net.;;
pezeshkpour.com;10 mx.55mail.jp.;;
phayze.com;;
phone.net;1 aspmx.l.google.com.;10 aspmx2.googlemail.com.;5 alt1.aspmx.l.google.com.;5 alt2.aspmx.l.google.com.;10 aspmx3.googlemail.com.;;
photographer.net;10 mx01.mail.com.;10 mx00.mail.com.;;
phreaker.net;10 mx.phreaker.net.;;
physicist.net;10 mx00.mail.com.;10 mx01.mail.com.;;
pianomail.com;;
pickupman.com;5 mail.h-email.net.;;
picusnet.com;0 mail.picusnet.com.;;
pigpig.net;;
pinoymail.com;;
piracha.net;10 mailstore1.secureserver.net.;0 smtp.secureserver.net.;;
pisem.net;10 mail.pisem.net.;;
planetaccess.com;;
planetarymotion.net;10 mx.55mail.jp.;;
planetearthinter.net;;
planetmail.com;10 mx01.mail.com.;10 mx00.mail.com.;;
planetmail.net;10 mx00.mail.com.;10 mx01.mail.com.;;
planetout.com;0 planetoutinc-com.mail.protection.outlook.com.;;
plasa.com;10 mx.yandex.net.;;
playersodds.com;;
playful.com;10 mx00.mail.com.;10 mx01.mail.com.;;
plusmail.com.br;20 ALT2.ASPMX.L.GOOGLE.COM.;30 ASPMX4.GOOGLEMAIL.COM.;30 ASPMX3.GOOGLEMAIL.COM.;20 ALT1.ASPMX.L.GOOGLE.COM.;30 ASPMX5.GOOGLEMAIL.COM.;10 ASPMX.L.GOOGLE.COM.;30 ASPMX2.GOOGLEMAIL.COM.;;
pmail.net;5 hzmx01.mxmail.netease.com.;10 hzmx02.mxmail.netease.com.;;
pobox.sk;20 nm-sk-20mx1.eco-mx.cz.;20 nm-sk-20mx2.eco-mx.cz.;10 nm-sk-10mx1.eco-mx.cz.;10 nm-sk-10mx2.eco-mx.cz.;;
pochta.ru;20 d01smtpmm.russianpost.ru.;20 r00smtpmm.russianpost.ru.;20 r00smtpmm.pochta.ru.;20 d01smtpmm.pochta.ru.;;
poczta.fm;;
poczta.onet.pl;10 mx.poczta.onet.pl.;;
poetic.com;10 mx00.mail.com.;10 mx01.mail.com.;;
polandmail.com;10 mx00.mail.com.;10 mx01.mail.com.;;
polbox.com;10 mx1.fl.netia.pl.;;
politician.com;10 mx00.mail.com.;10 mx01.mail.com.;;
polizisten-duzer.de;10 mx01.emig.gmx.net.;10 mx00.emig.gmx.net.;;
poond.com;10 mailstore1.secureserver.net.;0 smtp.secureserver.net.;;
popaccount.com;;
popmail.com;;
popsmail.com;10 mail.infolnk.net.;;
popstar.com;10 mx01.mail.com.;10 mx00.mail.com.;;
portugalmail.com;20 b.mx.portugalmail.com.;30 f.mx.portugalmail.com.;10 a.mx.portugalmail.com.;;
portugalmail.pt;30 f.mx.portugalmail.pt.;20 b.mx.portugalmail.pt.;10 a.mx.portugalmail.pt.;;
post.com;10 mx00.mail.com.;10 mx01.mail.com.;;
post.cz;5 mx1.seznam.cz.;10 mx2.seznam.cz.;;
post.sk;10 pp-sk-10mx1.eco-mx.cz.;10 pp-sk-10mx2.eco-mx.cz.;20 pp-sk-20mx1.eco-mx.cz.;20 pp-sk-20mx2.eco-mx.cz.;;
posta.ro;10 posta.ro.;;
postaccesslite.com;;
postafree.com;10 mail.computer.com.;;
postfach.cc;10 mx02.easyname.eu.;10 mx01.easyname.eu.;;
postinbox.com;20 in2-smtp.messagingengine.com.;10 in1-smtp.messagingengine.com.;;
postino.ch;10 mail.postino.ch.;;
postmark.net;;
postmaster.co.uk;10 efa.withsupport.co.uk.;;
postpro.net;20 in2-smtp.messagingengine.com.;10 in1-smtp.messagingengine.com.;;
pousa.com;0 localhost.;;
powerfan.com;;
praize.com;10 mail.praize.com.;;
premiumservice.com;10 mx00.mail.com.;10 mx01.mail.com.;;
presidency.com;10 mx01.mail.com.;10 mx00.mail.com.;;
press.co.jp;5 mx6.jmail.co.jp.;5 www4.jmail.co.jp.;;
priest.com;10 mx00.mail.com.;10 mx01.mail.com.;;
primposta.com;10 inmail1.index.hu.;;
primposta.hu;10 inmail1.index.hu.;;
privy-mail.com;1 mx.post.tf.;;
pro.hu;10 inmail1.index.hu.;;
probemail.com;10 mail.probemail.com.;;
prodigy.net;10 ff-ip4-mx-vip2.prodigy.net.;10 ff-ip4-mx-vip1.prodigy.net.;10 al-ip4-mx-vip1.prodigy.net.;10 al-ip4-mx-vip2.prodigy.net.;;
progetplus.it;20 mail.progetplus.it.;10 mail2.progetplus.it.;;
programist.ru;10 mx.yandex.ru.;;
programmer.net;10 mx01.mail.com.;10 mx00.mail.com.;;
proinbox.com;20 in2-smtp.messagingengine.com.;10 in1-smtp.messagingengine.com.;;
promessage.com;20 in2-smtp.messagingengine.com.;10 in1-smtp.messagingengine.com.;;
prontomail.com;20 mx1.emailsrvr.com.;40 mx2.emailsrvr.com.;;
protestant.com;10 mx01.mail.com.;10 mx00.mail.com.;;
prydirect.info;10 mx1.prydirect.info.;;
psv-supporter.com;10 mx.55mail.jp.;;
ptd.net;10 mx.ptd.net.;;
public-files.de;10 mx01.emig.gmx.net.;10 mx00.emig.gmx.net.;;
public.usa.com;10 mx01.gmx.com.;10 mx00.gmx.com.;;
publicist.com;10 mx01.mail.com.;10 mx00.mail.com.;;
pulp-fiction.com;;
purpleturtle.com;10 inbound-smtp.us-east-1.amazonaws.com.;5 alt2.aspmx.l.google.com.;1 aspmx.l.google.com.;10 alt3.aspmx.l.google.com.;5 alt1.aspmx.l.google.com.;10 alt4.aspmx.l.google.com.;;
put2.net;100 mail.put2.net.;;
q.com;10 mx.centurylink.net.;;
qmail.com;20 mx2.qq.com.;30 mx1.qq.com.;10 mx3.qq.com.;;
qprfans.com;;
qq.com;10 mx3.qq.com.;20 mx2.qq.com.;30 mx1.qq.com.;;
quackquack.com;0 quackquack-com.mail.protection.outlook.com.;;
quakemail.com;;
qualityservice.com;10 mx00.mail.com.;10 mx01.mail.com.;;
quantentunnel.de;10 mx00.emig.gmx.net.;10 mx01.emig.gmx.net.;;
quickhosts.com;10 mail.quickhosts.com.;;
quickwebmail.com;;
quiklinks.com;;
quikmail.com;;
qv7.info;10 mail.ixlab.de.;;
qwest.net;10 mx.centurylink.net.;;
qwestoffice.net;10 mx2.qwestoffice.com.;10 mx1.qwestoffice.com.;;
racedriver.com;10 mailstore1.secureserver.net.;0 smtp.secureserver.net.;;
racefanz.com;;
racingmail.com;10 mx00.mail.com.;10 mx01.mail.com.;;
radicalz.com;;
radiologist.net;10 mx01.mail.com.;10 mx00.mail.com.;;
ragingbull.com;10 aspmx2.googlemail.com.;10 aspmx3.googlemail.com.;5 alt1.aspmx.l.google.com.;5 alt2.aspmx.l.google.com.;1 aspmx.l.google.com.;;
ralib.com;;
rambler.ru;10 inmx.rambler.ru.;;
ranmamail.com;10 mx01.mail.com.;10 mx00.mail.com.;;
rastogi.net;10 mx00.ionos.com.;10 mx01.ionos.com.;;
ratt-n-roll.com;;
rattle-snake.com;;
raubtierbaendiger.de;10 mx00.emig.gmx.net.;10 mx01.emig.gmx.net.;;
ravearena.com;10 mx.55mail.jp.;;
ravemail.com;10 mx01.mail.com.;10 mx00.mail.com.;;
razormail.com;;
rccgmail.org;10 inbound-smtp.us-east-1.amazonaws.com.;;
realemail.net;10 in1-smtp.messagingengine.com.;20 in2-smtp.messagingengine.com.;;
reallyfast.biz;10 in1-smtp.messagingengine.com.;20 in2-smtp.messagingengine.com.;;
reallyfast.info;10 in1-smtp.messagingengine.com.;20 in2-smtp.messagingengine.com.;;
realradiomail.com;10 mx.generic-isp.com.;;
realtyagent.com;10 mx01.mail.com.;10 mx00.mail.com.;;
reborn.com;10 mx00.mail.com.;10 mx01.mail.com.;;
recycler.com;0 recycler-com.mail.protection.outlook.com.;;
recyclermail.com;10 recyclermail.com.1.0001.arsmtp.com.;10 recyclermail.com.2.0001.arsmtp.com.;;
rediff.com;10 mx.rediffmail.rediff.akadns.net.;;
rediffmail.com;5 mx.rediffmail.rediff.akadns.net.;;
rediffmailpro.com;5 mx.pro.rediff.akadns.net.;;
rednecks.com;10 mailstore1.secureserver.net.;0 smtp.secureserver.net.;;
redseven.de;0 p7s1-net.mail.protection.outlook.com.;;
reggaefan.com;10 mx00.mail.com.;10 mx01.mail.com.;;
registerednurses.com;10 mx00.mail.com.;10 mx01.mail.com.;;
reincarnate.com;10 mx01.mail.com.;10 mx00.mail.com.;;
religious.com;10 mx00.mail.com.;10 mx01.mail.com.;;
renren.com;5 hzmx01.mxmail.netease.com.;10 hzmx02.mxmail.netease.com.;;
repairman.com;10 mx00.mail.com.;10 mx01.mail.com.;;
reply.hu;10 mail.index.hu.;;
representative.com;10 mx01.mail.com.;10 mx00.mail.com.;;
rescueteam.com;10 mx00.mail.com.;10 mx01.mail.com.;;
resumemail.com;10 relay.careerbuilder.com.;;
rezai.com;10 mailx.gridhost.com.;;
richmondhill.com;;
rickymail.com;20 mx04.memail.com.;20 mx03.memail.com.;10 mx01.memail.com.;10 mx02.memail.com.;;
rin.ru;1 mx.yandex.ru.;;
riopreto.com.br;;
rn.com;0 mxa-002c9001.gslb.pphosted.com.;0 mxb-002c9001.gslb.pphosted.com.;;
ro.ru;5 inmx.rambler.ru.;;
roadrunner.com;10 pkvw-mx.msg.pkvw.co.charter.net.;;
roanokemail.com;10 mail.applied-info-mgmt.com.;;
rock.com;10 mx1.hc2314-6.iphmx.com.;10 mx2.hc2314-6.iphmx.com.;;
rocketmail.com;10 mta7.am0.yahoodns.net.;10 mta5.am0.yahoodns.net.;10 mta6.am0.yahoodns.net.;;
rocketship.com;10 mx00.mail.com.;10 mx01.mail.com.;;
rockfan.com;10 mx01.mail.com.;10 mx00.mail.com.;;
rodrun.com;10 mailstore1.secureserver.net.;0 smtp.secureserver.net.;;
roosh.com;;
rootprompt.org;;
roughnet.com;;
rr.com;5 dnvrco-postmx01.email.rr.com.;5 cdptpa-postmx01.email.rr.com.;;
rrohio.com;20 mx2.biz.rr.com.;10 mx1.biz.rr.com.;;
rsub.com;10 localhost.;;
runbox.com;10 mx.runbox.com.;;
rushpost.com;10 in1-smtp.messagingengine.com.;20 in2-smtp.messagingengine.com.;;
ruttolibero.com;;
rvshop.com;10 mx01.ionos.com.;10 mx00.ionos.com.;;
s-mail.com;10 mx.s-mail.com.;;
sacbeemail.com;20 alt1.aspmx.l.google.com.;30 alt5.aspmx.l.google.com.;30 alt3.aspmx.l.google.com.;20 alt2.aspmx.l.google.com.;30 alt4.aspmx.l.google.com.;10 aspmx.l.google.com.;;
saeuferleber.de;10 mx01.emig.gmx.net.;10 mx00.emig.gmx.net.;;
safrica.com;10 mx00.mail.com.;10 mx01.mail.com.;;
sagra.lu;10 venus.sagra.lu.;;
sags-per-mail.de;10 mx01.emig.gmx.net.;10 mx00.emig.gmx.net.;;
sailormoon.com;;
saintly.com;10 mx01.mail.com.;10 mx00.mail.com.;;
saintmail.net;10 mail.saintmail.net.;;
salehi.net;38 route1.mx.cloudflare.net.;87 route2.mx.cloudflare.net.;10 route3.mx.cloudflare.net.;;
salesperson.net;10 mx00.mail.com.;10 mx01.mail.com.;;
samerica.com;10 mx01.mail.com.;10 mx00.mail.com.;;
samilan.net;10 mailer.mxnetworks.org.;;
sammimail.com;10 mx00.mail.com.;10 mx01.mail.com.;;
sandelf.de;10 cat.ch-all.de.;;
sanfranmail.com;10 mx01.mail.com.;10 mx00.mail.com.;;
sanook.com;0 sanook-com.mail.protection.outlook.com.;;
sapo.pt;5 mx.ptmail.sapo.pt.;;
saudia.com;5 svjedmx4.saudia.com.;10 svjedmx1.saudia.com.;20 svjedmx3.saudia.com.;10 svjedmx2.saudia.com.;5 svjedmx5.saudia.com.;;
sayhi.net;;
saynotospams.com;10 park-mx.above.com.;;
sbcglobal.net;10 ff-ip4-mx-vip1.prodigy.net.;10 ff-ip4-mx-vip2.prodigy.net.;10 al-ip4-mx-vip1.prodigy.net.;10 al-ip4-mx-vip2.prodigy.net.;;
scandalmail.com;;
schizo.com;0 localhost.;;
schmusemail.de;10 mx01.emig.gmx.net.;10 mx00.emig.gmx.net.;;
schoolemail.com;10 mx02.memail.com.;10 mx01.memail.com.;20 mx04.memail.com.;20 mx03.memail.com.;;
schoolmail.com;10 mx00.mail.com.;10 mx01.mail.com.;;
schoolsucks.com;20 mx2.emailsrvr.com.;10 mx1.emailsrvr.com.;;
schreib-doch-mal-wieder.de;10 mx00.emig.gmx.net.;10 mx01.emig.gmx.net.;;
sci.fi;1 mx-stp.mail.saunalahti.fi.;1 mx-tnl.mail.saunalahti.fi.;;
scientist.com;1 aspmx.l.google.com.;10 aspmx2.googlemail.com.;10 aspmx3.googlemail.com.;5 alt1.aspmx.l.google.com.;5 alt2.aspmx.l.google.com.;;
scotland.com;10 mx001.netsol.xion.oxcs.net.;10 mx002.netsol.xion.oxcs.net.;10 mx003.netsol.xion.oxcs.net.;10 mx004.netsol.xion.oxcs.net.;;
scotlandmail.com;10 mx01.mail.com.;10 mx00.mail.com.;;
scottishmail.co.uk;10 mx.stackmail.com.;;
scubadiving.com;20 alt1.aspmx.l.google.com.;20 alt2.aspmx.l.google.com.;30 aspmx2.googlemail.com.;30 aspmx3.googlemail.com.;10 aspmx.l.google.com.;;
seanet.com;5 spamtitan.isomedia.com.;;
search.ua;1 search.ua.;;
searchwales.com;;
sebil.com;;
secret-police.com;10 mx.generic-isp.com.;;
secretary.net;10 mx00.mail.com.;10 mx01.mail.com.;;
secretservices.net;10 mx.generic-isp.com.;;
seductive.com;10 mx00.mail.com.;10 mx01.mail.com.;;
seekstoyboy.com;10 mx.55mail.jp.;;
seguros.com.br;0 seguros-com-br.mail.protection.outlook.com.;;
send.hu;10 inmail1.index.hu.;;
sendme.cz;10 centrum-cz-10mx1.eco-mx.cz.;20 centrum-cz-20mx2.eco-mx.cz.;20 centrum-cz-20mx1.eco-mx.cz.;10 centrum-cz-10mx2.eco-mx.cz.;;
sent.as;10 in1-smtp.messagingengine.com.;20 in2-smtp.messagingengine.com.;;
sent.at;20 in2-smtp.messagingengine.com.;10 in1-smtp.messagingengine.com.;;
sent.com;20 in2-smtp.messagingengine.com.;10 in1-smtp.messagingengine.com.;;
sentrismail.com;10 mx.55mail.jp.;;
serga.com.ar;10 mail.serga.com.ar.;;
servemymail.com;0 mx3004.piscesdns.net.;0 mx7606.piscesdns.net.;;
sesmail.com;10 mx00.mail.com.;10 mx01.mail.com.;;
sexmagnet.com;;
seznam.cz;10 mx1.seznam.cz.;20 mx2.seznam.cz.;;
shahweb.net;;
shaniastuff.com;10 mailer.mxnetworks.org.;;
shared-files.de;10 mx00.emig.gmx.net.;10 mx01.emig.gmx.net.;;
sharmaweb.com;10 mailserver.sharmaweb.com.;;
she.com;5 alt1.aspmx.l.google.com.;5 alt2.aspmx.l.google.com.;1 aspmx.l.google.com.;10 alt3.aspmx.l.google.com.;10 alt4.aspmx.l.google.com.;;
shieldedmail.com;20 mx2.simplelogin.co.;10 mx1.simplelogin.co.;;
shinedyoureyes.com;73 route1.mx.cloudflare.net.;88 route3.mx.cloudflare.net.;44 route2.mx.cloudflare.net.;;
shortmail.com;;
shotgun.hu;10 mail.index.hu.;;
shuf.com;0 mail.shuf.com.;;
sialkotcity.com;10 mta1.mailgenie.net.;;
sialkotian.com;10 mx.55mail.jp.;;
sialkotoye.com;10 mx.55mail.jp.;;
sify.com;0 sify-com.mail.protection.outlook.com.;;
silkroad.net;5 alt2.aspmx.l.google.com.;10 alt3.aspmx.l.google.com.;10 alt4.aspmx.l.google.com.;1 aspmx.l.google.com.;5 alt1.aspmx.l.google.com.;;
sina.cn;10 freemx3.sinamail.sina.com.cn.;10 freemx2.sinamail.sina.com.cn.;10 freemx1.sinamail.sina.com.cn.;;
sina.com;10 freemx1.sinamail.sina.com.cn.;10 freemx3.sinamail.sina.com.cn.;10 freemx2.sinamail.sina.com.cn.;;
sinamail.com;;
singles4jesus.com;5 mx-b.dc3.filter-mail.com.;5 mx-a.dc3.filter-mail.com.;5 mx-b.dc2.filter-mail.com.;5 mx-a.dc2.filter-mail.com.;;
singmail.com;10 mx2.hanami.run.;0 mx1.hanami.run.;;
singnet.com.sg;20 mx-20.orchid.atmailcloud.com.;10 mx-10.orchid.atmailcloud.com.;;
singpost.com;10 smtp.google.com.;;
skafan.com;10 mx01.mail.com.;10 mx00.mail.com.;;
skim.com;;
skizo.hu;10 mail.index.hu.;;
slamdunkfan.com;10 mail.slamdunkfan.com.;;
slingshot.com;10 slingshot-com.inbound.emailservice.io.;20 slingshot-com.inbound.emailservice.cc.;30 slingshot-com.inbound.emailservice.co.;;
slotter.com;0 slotter.com.;;
smapxsmap.net;10 mx01.mail.com.;10 mx00.mail.com.;;
smoothmail.com;;
sms.at;0 sms-at.mail.protection.outlook.com.;;
snail-mail.net;10 mx.generic-isp.com.;;
snakebite.com;10 mx00.mail.com.;10 mx01.mail.com.;;
snet.net;10 ff-ip4-mx-vip1.prodigy.net.;10 al-ip4-mx-vip2.prodigy.net.;10 al-ip4-mx-vip1.prodigy.net.;10 ff-ip4-mx-vip2.prodigy.net.;;
sniper.hu;10 inmail1.index.hu.;;
snoopymail.com;;
snowboarding.com;1 aspmx.l.google.com.;;
snowdonia.net;10 mx.stackmail.com.;;
socamail.com;10 mx2.forwardemail.net.;10 mx1.forwardemail.net.;;
socceramerica.net;10 mta1.mailgenie.net.;;
soccermail.com;10 mx01.mail.com.;10 mx00.mail.com.;;
soccermomz.com;;
socialworker.net;10 mx01.mail.com.;10 mx00.mail.com.;;
sociologist.com;10 mx00.mail.com.;10 mx01.mail.com.;;
sofort-mail.de;10 mx1.netim.net.;10 mx2.netim.net.;;
sofortmail.de;;
softhome.net;10 0.mx.softhome.net.;100 a.mx.softhome.net.;100 b.mx.softhome.net.;100 c.mx.softhome.net.;;
sogou.com;5 mx.sogou.com.;;
sohu.com;5 sohumx2.sohu.com.;5 sohumx1.sohu.com.;10 sohumx.h.a.sohu.com.;;
sol.dk;10 mx.dka.mailcore.net.;;
soldier.hu;10 inmail1.index.hu.;;
solution4u.com;10 mx01.mail.com.;10 mx00.mail.com.;;
songwriter.net;10 mx01.mail.com.;10 mx00.mail.com.;;
sonnenkinder.org;10 mx01.emig.gmx.net.;10 mx00.emig.gmx.net.;;
soon.com;;
soulfoodcookbook.com;30 mx30.antispam.mailspamprotection.com.;20 mx20.antispam.mailspamprotection.com.;10 mx10.antispam.mailspamprotection.com.;;
sp.nl;10 pmx1.sp.nl.;20 pmx2.sp.nl.;30 pmx3.sp.nl.;;
space-bank.com;;
space-man.com;;
space-ship.com;5 mx2.ewebdevelopment.com.;1 mx1.ewebdevelopment.com.;;
space-travel.com;;
space.com;5 alt1.aspmx.l.google.com.;5 alt2.aspmx.l.google.com.;1 aspmx.l.google.com.;10 alt3.aspmx.l.google.com.;10 alt4.aspmx.l.google.com.;;
spacemart.com;;
spacetowns.com;;
spacewar.com;;
spainmail.com;10 mx00.mail.com.;10 mx01.mail.com.;;
spambob.org;;
spamcero.com;;
spameater.com;0 localhost.;;
spameater.org;5 gourmet7.spamgourmet.com.;;
spaminator.de;;
spaml.com;;
spamoff.de;;
spartapiet.com;10 mx.55mail.jp.;;
spazmail.com;;
speedemail.net;;
speedpost.net;20 in2-smtp.messagingengine.com.;10 in1-smtp.messagingengine.com.;;
speedrules.com;;
speedrulz.com;10 mx1.speedrulz.com.;20 mx2.speedrulz.com.;;
speedymail.org;10 in1-smtp.messagingengine.com.;20 in2-smtp.messagingengine.com.;;
sperke.net;10 mail.febas.net.;;
spils.com;10 mail.computer.com.;;
spinfinder.com;;
spl.at;10 alt3.aspmx.l.google.com.;10 alt4.aspmx.l.google.com.;5 alt1.aspmx.l.google.com.;5 alt2.aspmx.l.google.com.;1 aspmx.l.google.com.;;
spoko.pl;2 mx.poczta.onet.pl.;;
sportemail.com;0 localhost.;;
sportsmail.com;10 mx01.mail.com.;10 mx00.mail.com.;;
sporttruckdriver.com;10 mx.55mail.jp.;;
spray.se;10 mx2.spray.mail2world.com.;10 mx3.spray.mail2world.com.;10 mx1.spray.mail2world.com.;;
spymac.com;;
srilankan.net;0 mail.srilankan.net.;;
ssl-mail.com;20 in2-smtp.messagingengine.com.;10 in1-smtp.messagingengine.com.;;
st-davids.net;10 mx.stackmail.com.;;
stade.fr;0 zm02.ooshare.com.;;
stalag13.com;;
stargateradio.com;0 stargateradio.com.;;
starmail.com;20 mx2.zoho.com.;10 mx.zoho.com.;;
starmail.org;10 mx02.memail.com.;10 mx01.memail.com.;20 mx04.memail.com.;20 mx03.memail.com.;;
starmedia.com;10 mx.zoho.com.;20 mx2.zoho.com.;30 mx3.zoho.com.;;
starspath.com;0 sitemail.everyone.net.;;
start.com.au;1 ASPMX.L.GOOGLE.COM.;5 ALT1.ASPMX.L.GOOGLE.COM.;5 ALT2.ASPMX.L.GOOGLE.COM.;10 ALT4.ASPMX.L.GOOGLE.COM.;10 ALT3.ASPMX.L.GOOGLE.COM.;;
stoned.com;20 mx2.emailsrvr.com.;10 mx1.emailsrvr.com.;;
stones.com;10 aspmx.l.google.com.;20 alt1.aspmx.l.google.com.;30 alt2.aspmx.l.google.com.;40 aspmx2.googlemail.com.;50 aspmx3.googlemail.com.;;
storksite.com;0 localhost.;;
streber24.de;10 mx00.emig.gmx.net.;10 mx01.emig.gmx.net.;;
stribmail.com;10 mx156.hostedmxserver.com.;;
strompost.com;20 smtp.strompost.com.;;
strongguy.com;;
student.su;10 mx.yandex.ru.;;
studentcenter.org;10 mx02.memail.com.;20 mx04.memail.com.;10 mx01.memail.com.;20 mx03.memail.com.;;
subram.com;;
sudanmail.net;20 in2-smtp.messagingengine.com.;10 in1-smtp.messagingengine.com.;;
suhabi.com;10 mx.55mail.jp.;;
sukhumvit.net;;
sunpoint.net;0 posti.web1.fi.;;
sunrise-sunset.com;;
sunsgame.com;50 mx3.zoho.com.;20 mx2.zoho.com.;10 mx.zoho.com.;;
sunumail.sn;10 mail.sunumail.sn.;;
superdada.com;30 arp.dada.it.;10 mail.supereva.it.;;
supereva.it;10 mail.register.it.;;
supermail.ru;0 supermail.ru.;;
surat.com;10 exchange.suneja.com.;20 mx1.suneja.com.;;
surfree.com;5 mx04.earthlink-vadesecure.net.;5 mx01.earthlink-vadesecure.net.;5 mx02.earthlink-vadesecure.net.;5 mx03.earthlink-vadesecure.net.;;
surfy.net;15 mx0.gmx.com.;;
surgical.net;10 mx00.mail.com.;10 mx01.mail.com.;;
surimail.com;0 sitemail.everyone.net.;;
survivormail.com;;
swbell.net;10 al-ip4-mx-vip2.prodigy.net.;10 ff-ip4-mx-vip2.prodigy.net.;10 ff-ip4-mx-vip1.prodigy.net.;10 al-ip4-mx-vip1.prodigy.net.;;
sweb.cz;10 mx.stable.cz.;;
swedenmail.com;10 mx01.mail.com.;10 mx00.mail.com.;;
sweetville.net;;
swift-mail.com;10 in1-smtp.messagingengine.com.;20 in2-smtp.messagingengine.com.;;
swiftdesk.com;;
swingeasyhithard.com;10 mx.55mail.jp.;;
swingfan.com;10 mx01.mail.com.;10 mx00.mail.com.;;
swipermail.zzn.com;20 mx1.emailsrvr.com.;40 mx2.emailsrvr.com.;;
swirve.com;0 swirve.com.;;
swissmail.com;10 mx01.mail.com.;10 mx00.mail.com.;;
swissmail.net;0 swissmail-net.mail.protection.outlook.com.;;
switchboardmail.com;10 mx00.mail.com.;10 mx01.mail.com.;;
sx172.com;10 mailer.mxnetworks.org.;;
syom.com;10 mailstore1.secureserver.net.;0 smtp.secureserver.net.;;
t2mail.com;;
takuyakimura.com;10 mx01.mail.com.;10 mx00.mail.com.;;
talk21.com;1 mx.bt.prod.cloud.openwave.ai.;;
talkcity.com;10 kyc-1.mx10.pef.luxsci.com.talkcity.com.;20 kyc-1.mx20.pef.luxsci.com.talkcity.com.;;
tamil.com;10 mailforward32.cloudns.net.;5 mailforward31.cloudns.net.;;
tampabay.rr.com;10 pkvw-mx.msg.pkvw.co.charter.net.;;
tankpolice.com;10 mailstore1.secureserver.net.;0 smtp.secureserver.net.;;
tatanova.com;10 park-mx.above.com.;;
tbwt.com;;
tds.net;10 mx.tds.net.;;
teachermail.net;10 inbound-smtp.us-east-1.amazonaws.com.;;
teachers.org;10 mx00.mail.com.;10 mx01.mail.com.;;
teamtulsa.net;10 mailer.mxnetworks.org.;;
tech-center.com;10 mx01.mail.com.;10 mx00.mail.com.;;
tech4peace.org;;
techemail.com;20 mx2.titan.email.;10 mx1.titan.email.;;
techie.com;10 mx01.mail.com.;10 mx00.mail.com.;;
technisamail.co.za;10 cluster13.eu.messagelabs.com.;20 cluster13a.eu.messagelabs.com.;;
technologist.com;10 mx00.mail.com.;10 mx01.mail.com.;;
techscout.com;0 techscout-com.mail.protection.outlook.com.;;
techspot.com;7 route2.mx.cloudflare.net.;73 route3.mx.cloudflare.net.;40 route1.mx.cloudflare.net.;;
telebot.com;;
teleline.es;10 mx01.dondominio.com.;;
telerymd.com;20 mail2.loopia.se.;10 mailcluster.loopia.se.;;
telinco.net;10 mk-ironport-1-in.mail.tiscali.co.uk.;10 mk-ironport-2-in.mail.tiscali.co.uk.;;
telpage.net;20 mx01.ionos.com.;10 mx00.ionos.com.;;
telstra.com;5 extmail.bigpond.com.;;
telstra.com.au;5 ipavo.tcif.telstra.com.au.;5 ipdno.tcif.telstra.com.au.;5 ipdvo.tcif.telstra.com.au.;5 ipano.tcif.telstra.com.au.;5 ipcvo.tcif.telstra.com.au.;5 ipbvo.tcif.telstra.com.au.;5 ipbno.tcif.telstra.com.au.;5 ipcno.tcif.telstra.com.au.;;
temp-mail.com;;
tempail.com;10 mail.tempmail.net.;;
temtulsa.net;10 mailer.mxnetworks.org.;;
tenchiclub.com;10 mx01.mail.com.;10 mx00.mail.com.;;
tenderkiss.com;;
tennismail.com;10 mx01.mail.com.;10 mx00.mail.com.;;
terminverpennt.de;10 mx00.emig.gmx.net.;10 mx01.emig.gmx.net.;;
terra.cl;;
terra.com;10 vip-mail-mx-gateway.terra.com.;;
terra.com.ar;10 vip-mail-mx-gateway.terra.com.;;
terra.com.br;10 mx.terra.com.br.;;
test.com;;
test.de;20 mx.colt.net.;10 sw-proxy01.stiftung-warentest.de.;;
tfanus.com.er;;
tfz.net;1 smtp.google.com.;;
thai.com;0 mx2-protect.one.th.;0 mx1-protect.one.th.;;
thaimail.com;;
thaimail.net;;
thanksnospam.info;10 plant.blueberrymail.net.;;
the-african.com;;
the-aliens.com;;
the-american.com;;
the-animal.com;;
the-army.com;;
the-astronaut.com;;
the-beauty.com;10 mail.the-beauty.com.;;
the-big-apple.com;1 mx.the-big-apple.com.cust.b.hostedemail.com.;;
the-boss.com;0 theboss-com0i.mail.protection.outlook.com.;;
the-captain.com;10 mx.generic-isp.com.;;
the-chinese.com;;
the-country.com;20 mx2.simplelogin.co.;10 mx1.simplelogin.co.;;
the-cowboy.com;20 mx-biz.mail.am0.yahoodns.net.;30 mx-biz.mail.am0.yahoodns.net.;;
the-dutchman.com;5 alt1.aspmx.l.google.com.;5 alt2.aspmx.l.google.com.;10 alt3.aspmx.l.google.com.;10 alt4.aspmx.l.google.com.;1 aspmx.l.google.com.;;
the-eagles.com;;
the-englishman.com;;
the-fastest.net;20 in2-smtp.messagingengine.com.;10 in1-smtp.messagingengine.com.;;
the-genius.com;;
the-gentleman.com;0 smtp.secureserver.net.;10 mailstore1.secureserver.net.;;
the-german.com;10 mx00.udag.de.;20 mx01.udag.de.;;
the-gremlin.com;10 mta1.mailgenie.net.;;
the-italian.com;10 mx01.ionos.de.;10 mx00.ionos.de.;;
the-lair.com;10 mail.the-lair.com.;;
the-marine.com;10 themarine-com0i.mail.protection.outlook.com.;;
the-master.com;;
the-mexican.com;0 themexican-com0i.mail.protection.outlook.com.;;
the-monkey.com;;
the-pentagon.com;;
the-professional.com;0 smtp.secureserver.net.;10 mailstore1.secureserver.net.;;
the-quickest.com;20 in2-smtp.messagingengine.com.;10 in1-smtp.messagingengine.com.;;
the-russian.com;;
the-snake.com;;
the-spaceman.com;20 mail2.the-spaceman.com.;10 mail.the-spaceman.com.;;
the-whitehouse.net;10 mx.generic-isp.com.;;
thecriminals.com;;
thedoghousemail.com;;
thedorm.com;5 alt1.aspmx.l.google.com.;5 alt2.aspmx.l.google.com.;1 aspmx.l.google.com.;10 alt3.aspmx.l.google.com.;10 alt4.aspmx.l.google.com.;;
theend.hu;10 mail.index.hu.;;
theglobe.com;10 theglobe-com.mail.protection.outlook.com.;;
thegolfcourse.com;;
theheadoffice.com;1 mail.mailerhost.net.;;
theinternetemail.com;10 in1-smtp.messagingengine.com.;20 in2-smtp.messagingengine.com.;;
thelanddownunder.com;;
themail.com;;
themillionare.net;10 mx.55mail.jp.;;
theplate.com;10 mx01.mail.com.;10 mx00.mail.com.;;
thepokerface.com;;
thepostmaster.net;;
theracetrack.com;0 localhost.;;
therapist.net;10 mx00.mail.com.;10 mx01.mail.com.;;
thestreetfighter.com;;
thewatercooler.com;;
thewebpros.co.uk;;
thezhangs.net;40 dx.spamfree.cz.;20 bx.virusfree.cz.;30 cx.spamfree.cz.;;
thirdage.com;10 alt3.aspmx.l.google.com.;10 alt4.aspmx.l.google.com.;5 alt1.aspmx.l.google.com.;5 alt2.aspmx.l.google.com.;1 aspmx.l.google.com.;;
thisgirl.com;;
tidni.com;;
timein.net;;
tiscali.co.uk;10 mx003.tt.xion.oxcs.net.;10 mx001.tt.xion.oxcs.net.;10 mx002.tt.xion.oxcs.net.;10 mx004.tt.xion.oxcs.net.;;
tiscali.it;10 etb-2.mail.tiscali.it.;10 etb-3.mail.tiscali.it.;50 imp-5.mail.tiscali.it.;10 etb-1.mail.tiscali.it.;10 etb-4.mail.tiscali.it.;;
tkcity.com;0 tkcity.com.;;
toast.com;20 aspmx2.dooray.com.;10 aspmx1.dooray.com.;;
toke.com;10 mx01.mail.com.;10 mx00.mail.com.;;
tom.com;10 tommx.tom.com.;;
toolsource.com;10 email.meritool.com.;20 email.meritool.com.;;
toothfairy.com;10 mx00.mail.com.;10 mx01.mail.com.;;
topchat.com;10 smtp.canalmail.com.;;
topletter.com;20 alt1.aspmx.l.google.com.;20 ALT2.aspmx.l.google.com.;10 aspmx.l.google.com.;30 ASPMX3.GOOGLEMAIL.com.;30 ASPMX2.GOOGLEMAIL.com.;;
topmail-files.de;10 mx01.emig.gmx.net.;10 mx00.emig.gmx.net.;;
topmail.com.ar;10 mx.generic-isp.com.;;
torontomail.com;10 mx00.mail.com.;10 mx01.mail.com.;;
tortenboxer.de;10 mx00.emig.gmx.net.;10 mx01.emig.gmx.net.;;
totalmail.de;10 forward.yoursrs.com.;;
tpg.com.au;20 mx-20.au-east.atmailcloud.com.;10 mx-10.au-east.atmailcloud.com.;;
trashdevil.de;;
trialbytrivia.com;;
trimix.cn;;
tritium.net;;
trmailbox.com;10 mx001.trmailbox.com.;;
tropicalstorm.com;0 tropicalstorm.com.;;
truckerz.com;;
truckracer.com;;
truckracers.com;;
trust-me.com;;
truthmail.com;10 mx2.hostinger.com.;5 mx1.hostinger.com.;;
tsamail.co.za;1 mx.dka.mailcore.net.;;
ttml.co.in;;
turboprinz.de;10 mx01.emig.gmx.net.;10 mx00.emig.gmx.net.;;
turboprinzessin.de;10 mx00.emig.gmx.net.;10 mx01.emig.gmx.net.;;
turkey.com;10 webmail.pear.com.;;
tut.by;10 mx.yandex.ru.;;
tvstar.com;10 mx00.mail.com.;10 mx01.mail.com.;;
twc.com;10 pkvw-mx.msg.pkvw.co.charter.net.;;
twinstarsmail.com;;
typemail.com;0 aspmx.l.google.com.;10 alt1.aspmx.l.google.com.;;
u2club.com;;
ua.fm;6 mx2.ua.fm.;6 mx3.ua.fm.;;
ubbi.com;0 ubbi-com.mail.protection.outlook.com.;;
uboot.com;;
uk2.net;0 mx.uk2.net.cust.a.hostedemail.com.;;
uk2k.com;10 mx4.freeola.com.;10 mx5.freeola.com.;10 mx3.freeola.com.;10 mx2.freeola.com.;;
uk2net.com;0 mail.uk2net.com.;;
uk7.net;10 mx5.freeola.com.;10 mx4.freeola.com.;10 mx3.freeola.com.;10 mx2.freeola.com.;;
uk8.net;10 mx5.freeola.com.;10 mx4.freeola.com.;10 mx3.freeola.com.;10 mx2.freeola.com.;;
ukbuilder.com;5 alt2.aspmx.l.google.com.;1 aspmx.l.google.com.;10 alt3.aspmx.l.google.com.;10 alt4.aspmx.l.google.com.;5 alt1.aspmx.l.google.com.;;
ukcool.com;10 mx5.freeola.com.;10 mx2.freeola.com.;10 mx3.freeola.com.;10 mx4.freeola.com.;;
ukdreamcast.com;10 mx.55mail.jp.;;
ukmail.org;20 mail.ukmail.org.;30 jolt.phil.net.;10 mx.phil.net.;40 pumpkin.phil.net.;;
ukmax.com;;
ukr.net;10 mxs.ukr.net.;;
uku.co.uk;10 mail.joker.com.;;
ultapulta.com;1 smtp.ultapulta.com.;10 mail.ultapulta.com.;;
ultrapostman.com;10 mx00.mail.com.;10 mx01.mail.com.;;
ummah.org;0 ummah.org.;;
umpire.com;10 mx01.mail.com.;10 mx00.mail.com.;;
unbounded.com;0 smtp.secureserver.net.;10 mailstore1.secureserver.net.;;
unforgettable.com;10 mx01.mail.com.;10 mx00.mail.com.;;
uni.de;10 easy.uni.de.;;
unican.es;10 mxa-006a4e02.gslb.pphosted.com.;10 mxb-006a4e02.gslb.pphosted.com.;;
unihome.com;;
universal.pt;;
uno.ee;10 mh1.elkdata.ee.;20 mh3.elkdata.ee.;;
uno.it;10 asav-01.uno.it.;50 asav-02.uno.it.;;
unofree.it;50 asav-02.uno.it.;100 asav-01.uno.it.;;
unterderbruecke.de;10 mx00.emig.gmx.net.;10 mx01.emig.gmx.net.;;
uol.com.ar;;
uol.com.br;10 mx.uol.com.br.;;
uol.com.co;10 mail.uol.com.co.;;
uol.com.ve;10 trash.bestinv.org.;;
uomail.com;;
upf.org;20 mx2.emailsrvr.com.;10 mx1.emailsrvr.com.;;
ureach.com;20 ureach-com.p20.mxthunder.net.;30 ureach-com.p30.mxthunder.net.;40 ureach-com.p40.mxthunder.net.;10 ureach-com.p10.mxthunder.com.;;
usa.com;10 mx01.mail.com.;10 mx00.mail.com.;;
usa.net;10 mxpool01.netaddress.usa.net.;;
usaaccess.net;10 mx.zoho.com.;20 mx2.zoho.com.;50 mx3.zoho.com.;;
usermail.com;10 mx1.mxof.com.;10 mx2.mxof.com.;;
usma.net;;
usmc.net;1 aspmx.l.google.com.;10 aspmx2.googlemail.com.;10 aspmx3.googlemail.com.;5 alt1.aspmx.l.google.com.;5 alt2.aspmx.l.google.com.;;
uswestmail.net;10 mc2.centurylinkservices.net.;10 mc3.centurylinkservices.net.;;
uymail.com;10 mx01.mail.com.;10 mx00.mail.com.;;
vahoo.com;10 park-mx.above.com.;;
vampirehunter.com;;
varbizmail.com;10 mx00.mail.com.;10 mx01.mail.com.;;
vcmail.com;30 mx.vcmail.com.;;
velnet.co.uk;0 velnet.co.uk.;;
velocall.com;10 park-mx.above.com.;;
verizon.net;10 mx-aol.mail.gm0.yahoodns.net.;;
verizonmail.com;20 verizonmail-com-bk.mr.outblaze.com.;10 verizonmail-com.mr.outblaze.com.;;
verlass-mich-nicht.de;10 mx01.emig.gmx.net.;10 mx00.emig.gmx.net.;;
veryfast.biz;20 in2-smtp.messagingengine.com.;10 in1-smtp.messagingengine.com.;;
veryrealemail.com;10 mail.mailinator.com.;;
veryspeedy.net;20 in2-smtp.messagingengine.com.;10 in1-smtp.messagingengine.com.;;
videotron.ca;10 mx.videotron.ca.;;
vinbazar.com;0 mail.vinbazar.com.;;
violinmakers.co.uk;0 violinmakers.co.uk.;;
vip.126.com;10 vip126mx01.mxmail.netease.com.;50 vip126mx00.mxmail.netease.com.;;
vip.21cn.com;10 mta.21cn.com.;;
vip.citiz.net;5 mta.bnet.cn.;10 bent-hw.21cn.net.;;
vip.gr;10 mx.spamexperts.com.;0 mail.vip.gr.;30 lastmx.spamexperts.net.;20 fallbackmx.spamexperts.eu.;;
vip.onet.pl;2 mx.poczta.onet.pl.;;
vip.qq.com;20 mx2.qq.com.;30 mx1.qq.com.;10 mx3.qq.com.;;
vip.sina.com;10 mx1.vip.sina.com.;20 sinamx.vip.sina.com.;10 mx2.vip.sina.com.;5 mx3.vip.sina.com.;;
vipmail.ru;;
virgilio.it;10 smtp-in.virgilio.it.;;
virgin.net;10 mxin10.virginmedia.com.;5 mxin5.virginmedia.com.;;
virginbroadband.com.au;;
visitweb.com;10 mx.visitweb.com.;;
visto.com;10 mx12.blackberry.com.;10 mx13.blackberry.com.;10 mx14.blackberry.com.;10 mx15.blackberry.com.;10 mx16.blackberry.com.;10 mx11.blackberry.com.;;
visualcities.com;;
vivavelocity.com;20 mx2.vivavelocity.com.;10 mx1.vivavelocity.com.;;
vivianhsu.net;;
vnet.citiz.net;10 bent-hw.21cn.net.;5 mta.bnet.cn.;;
vnn.vn;10 mx.vnptemail.vn.;;
volcanomail.com;0 mx-fwd-1.nearlyfreespeech.net.;;
vollbio.de;10 mx00.emig.gmx.net.;10 mx01.emig.gmx.net.;;
volloeko.de;10 mx00.emig.gmx.net.;10 mx01.emig.gmx.net.;;
vorsicht-bissig.de;10 mx01.emig.gmx.net.;10 mx00.emig.gmx.net.;;
vorsicht-scharf.de;10 mx00.emig.gmx.net.;10 mx01.emig.gmx.net.;;
vote-democrats.com;10 mx.55mail.jp.;;
vote-hillary.com;10 mta1.mailgenie.net.;;
vote-republicans.com;10 mx.55mail.jp.;;
vote4gop.org;10 mx.generic-isp.com.;;
votenet.com;10 alt4.aspmx.l.google.com.;5 alt1.aspmx.l.google.com.;5 alt2.aspmx.l.google.com.;1 aspmx.l.google.com.;10 alt3.aspmx.l.google.com.;;
vp.pl;2 mx.poczta.onet.pl.;;
vr9.com;;
w3.to;17 route2.mx.cloudflare.net.;64 route3.mx.cloudflare.net.;68 route1.mx.cloudflare.net.;;
wahoye.com;10 mx.55mail.jp.;;
wales2000.net;0 wales2000.net.;;
wam.co.za;10 fallbackmx.spamexperts.eu.;20 lastmx.spamexperts.net.;5 mx.spamexperts.com.;;
wanadoo.es;10 inw.wanadoo.es.;;
wanadoo.fr;10 smtp-in2.orange.fr.;10 smtp-in.orange.fr.;;
war-im-urlaub.de;10 mx00.emig.gmx.net.;10 mx01.emig.gmx.net.;;
warmmail.com;10 mx1.forwardemail.net.;10 mx2.forwardemail.net.;;
warpmail.net;10 in1-smtp.messagingengine.com.;20 in2-smtp.messagingengine.com.;;
warrior.hu;10 mail.index.hu.;;
waumail.com;;
wbdet.com;;
wearab.net;;
web-mail.com.ar;10 mail.thirdechelon.net.;;
web-police.com;10 mx.generic-isp.com.;;
web.de;100 mx-ha03.web.de.;100 mx-ha02.web.de.;;
webave.com;5 alt2.aspmx.l.google.com.;25 webave.com.;1 aspmx.l.google.com.;10 alt3.aspmx.l.google.com.;10 alt4.aspmx.l.google.com.;5 alt1.aspmx.l.google.com.;;
webcammail.com;;
webcity.ca;5 mail.h-email.net.;;
webdream.com;;
webindia123.com;0 wmail.webindia123.com.;;
webmail.co.za;1 mx.dka.mailcore.net.;;
webmail.hu;10 mx.dka.mailcore.net.;;
webmails.com;30 aspmx4.googlemail.com.;20 alt1.aspmx.l.google.com.;30 aspmx5.googlemail.com.;10 aspmx.l.google.com.;20 alt2.aspmx.l.google.com.;30 aspmx3.googlemail.com.;30 aspmx2.googlemail.com.;;
webname.com;10 mx01.mail.com.;10 mx00.mail.com.;;
webstation.com;94 route3.mx.cloudflare.net.;82 route1.mx.cloudflare.net.;85 route2.mx.cloudflare.net.;;
websurfer.co.za;1 mx.dka.mailcore.net.;;
webtopmail.com;10 mx.55mail.jp.;;
weedmail.com;;
weekmail.com;;
weekonline.com;0 mail.weekonline.com.;;
wegas.ru;20 mail.wegas.ru.;10 mail.wegas.ru.;;
wehshee.com;10 mx.55mail.jp.;;
weibsvolk.de;10 mx01.ionos.de.;10 mx00.ionos.de.;;
weibsvolk.org;10 mx01.emig.gmx.net.;10 mx00.emig.gmx.net.;;
weinenvorglueck.de;10 mx01.emig.gmx.net.;10 mx00.emig.gmx.net.;;
welsh-lady.com;10 mx.generic-isp.com.;;
westnet.com.au;10 mx-10.au-east.atmailcloud.com.;20 mx-20.au-east.atmailcloud.com.;;
whale-mail.com;20 mx37.m1bp.com.;10 mx37.mb5p.com.;;
whartontx.com;0 localhost.;;
wheelweb.com;;
whipmail.com;0 sitemail.everyone.net.;;
whoever.com;10 mx00.mail.com.;10 mx01.mail.com.;;
wideopenwest.com;10 mx.wowway.com.;;
wildmail.com;10 park-mx.above.com.;;
will-hier-weg.de;10 mx00.emig.gmx.net.;10 mx01.emig.gmx.net.;;
windowslive.com;10 nam.olc.protection.outlook.com.;;
windrivers.net;;
windstream.net;10 mx01.windstream.net.;;
wingnutz.com;10 mxb.mailgun.org.;10 mxa.mailgun.org.;;
winning.com;10 mx01.mail.com.;10 mx00.mail.com.;;
wir-haben-nachwuchs.de;10 mx00.emig.gmx.net.;10 mx01.emig.gmx.net.;;
wir-sind-cool.org;10 mx00.emig.gmx.net.;10 mx01.emig.gmx.net.;;
wirsindcool.de;;
witty.com;10 mx01.mail.com.;10 mx00.mail.com.;;
wiz.cc;;
wkbwmail.com;10 mx01.5ax.org.;;
wo.com.cn;10 womx.wo.com.cn.;;
woh.rr.com;10 pkvw-mx.msg.pkvw.co.charter.net.;;
wolf-web.com;;
wolke7.net;10 mx00.emig.gmx.net.;10 mx01.emig.gmx.net.;;
wombles.com;;
women-at-work.org;10 mx00.emig.gmx.net.;10 mx01.emig.gmx.net.;;
wongfaye.com;10 mx00.mail.com.;10 mx01.mail.com.;;
wooow.it;10 smtp-in.eutelia.it.;;
worker.com;10 mx01.mail.com.;10 mx00.mail.com.;;
workmail.com;10 mx01.mail.com.;10 mx00.mail.com.;;
worldemail.com;0 smtp.secureserver.net.;10 mailstore1.secureserver.net.;;
worldnet.att.net;5 al-ip4-mx-vip1.prodigy.net.;5 al-ip4-mx-vip2.prodigy.net.;5 ff-ip4-mx-vip1.prodigy.net.;5 ff-ip4-mx-vip2.prodigy.net.;;
wormseo.cn;;
wosaddict.com;10 mta1.mailgenie.net.;;
wowgirl.com;10 mx2.emailsrvr.com.;5 mx1.emailsrvr.com.;;
wowmail.com;;
wowway.com;10 mx.wowway.com.;;
wp.pl;5 mx5.wp.pl.;0 mx.wp.pl.;;
wptamail.com;10 mailer.mxnetworks.org.;;
wrexham.net;;
writeme.com;10 mx01.mail.com.;10 mx00.mail.com.;;
writemeback.com;;
wrongmail.com;;
wtvhmail.com;;
www.com;1 mail.mailerhost.net.;;
www2000.net;10 mx.generic-isp.com.;;
wx88.net;10 mail.wx88.net.;;
wxs.net;;
x-mail.net;100 mail.xmail.net.;;
x-networks.net;10 mail.x-networks.net.;;
x5g.com;10 mx4.freeola.com.;10 mx2.freeola.com.;10 mx3.freeola.com.;10 mx5.freeola.com.;;
xaker.ru;10 mx.yandex.ru.;;
xmastime.com;;
xoom.com;10 mx2.paypalcorp.com.;10 mx1.paypalcorp.com.;;
xpressmail.zzn.com;20 mx1.emailsrvr.com.;40 mx2.emailsrvr.com.;;
xsecurity.org;10 mail.pototskyy.net.;;
xsmail.com;20 in2-smtp.messagingengine.com.;10 in1-smtp.messagingengine.com.;;
xtra.co.nz;10 mx.xtra.co.nz.;;
xuno.com;100 mail.xuno.com.;200 mx2.xmail.net.;;
y7mail.com;10 mta6.am0.yahoodns.net.;10 mta7.am0.yahoodns.net.;10 mta5.am0.yahoodns.net.;;
ya.ru;10 mx.yandex.ru.;;
yada-yada.com;;
yaho.com;;
yahoo.ae;;
yahoo.at;10 mx-eu.mail.am0.yahoodns.net.;;
yahoo.be;10 mx-eu.mail.am0.yahoodns.net.;;
yahoo.ca;10 mta5.am0.yahoodns.net.;10 mta6.am0.yahoodns.net.;10 mta7.am0.yahoodns.net.;;
yahoo.ch;;
yahoo.cn;;
yahoo.co.id;1 mx-apac.mail.gm0.yahoodns.net.;;
yahoo.co.il;10 mta7.am0.yahoodns.net.;10 mta5.am0.yahoodns.net.;10 mta6.am0.yahoodns.net.;;
yahoo.co.in;10 mx-apac.mail.gm0.yahoodns.net.;;
yahoo.co.jp;10 mx1.mail.yahoo.co.jp.;10 mx2.mail.yahoo.co.jp.;10 mx3.mail.yahoo.co.jp.;10 mx5.mail.yahoo.co.jp.;;
yahoo.co.kr;1 mx-apac.mail.gm0.yahoodns.net.;;
yahoo.co.nz;10 mta7.am0.yahoodns.net.;10 mta6.am0.yahoodns.net.;10 mta5.am0.yahoodns.net.;;
yahoo.co.th;1 mx-apac.mail.gm0.yahoodns.net.;;
yahoo.co.uk;10 mx-eu.mail.am0.yahoodns.net.;;
yahoo.co.za;10 mx-eu.mail.am0.yahoodns.net.;;
yahoo.com;1 mta6.am0.yahoodns.net.;1 mta5.am0.yahoodns.net.;1 mta7.am0.yahoodns.net.;;
yahoo.com.ar;10 mta6.am0.yahoodns.net.;10 mta7.am0.yahoodns.net.;10 mta5.am0.yahoodns.net.;;
yahoo.com.au;10 mta7.am0.yahoodns.net.;10 mta6.am0.yahoodns.net.;10 mta5.am0.yahoodns.net.;;
yahoo.com.br;10 mta7.am0.yahoodns.net.;10 mta5.am0.yahoodns.net.;10 mta6.am0.yahoodns.net.;;
yahoo.com.cn;;
yahoo.com.co;10 mta7.am0.yahoodns.net.;10 mta5.am0.yahoodns.net.;10 mta6.am0.yahoodns.net.;;
yahoo.com.hk;1 mx-apac.mail.gm0.yahoodns.net.;;
yahoo.com.mx;10 mta6.am0.yahoodns.net.;10 mta5.am0.yahoodns.net.;10 mta7.am0.yahoodns.net.;;
yahoo.com.my;1 mx-apac.mail.gm0.yahoodns.net.;;
yahoo.com.ph;1 mx-apac.mail.gm0.yahoodns.net.;;
yahoo.com.ru;;
yahoo.com.sg;1 mx-apac.mail.gm0.yahoodns.net.;;
yahoo.com.tr;10 mta5.am0.yahoodns.net.;10 mta7.am0.yahoodns.net.;10 mta6.am0.yahoodns.net.;;
yahoo.com.tw;10 mx-tw.mail.gm0.yahoodns.net.;;
yahoo.com.vn;1 mx-apac.mail.gm0.yahoodns.net.;;
yahoo.cz;10 mx-eu.mail.am0.yahoodns.net.;;
yahoo.de;10 mx-eu.mail.am0.yahoodns.net.;;
yahoo.dk;10 mx-eu.mail.am0.yahoodns.net.;;
yahoo.es;10 mx-eu.mail.am0.yahoodns.net.;;
yahoo.fi;10 mx-eu.mail.am0.yahoodns.net.;;
yahoo.fr;10 mx-eu.mail.am0.yahoodns.net.;;
yahoo.gr;10 mx-eu.mail.am0.yahoodns.net.;;
yahoo.hu;10 mx-eu.mail.am0.yahoodns.net.;;
yahoo.ie;10 mx-eu.mail.am0.yahoodns.net.;;
yahoo.in;10 mx-apac.mail.gm0.yahoodns.net.;;
yahoo.it;10 mx-eu.mail.am0.yahoodns.net.;;
yahoo.jp;;
yahoo.nl;10 mx-eu.mail.am0.yahoodns.net.;;
yahoo.no;10 mx-eu.mail.am0.yahoodns.net.;;
yahoo.pl;10 mx-eu.mail.am0.yahoodns.net.;;
yahoo.pt;10 mx-eu.mail.am0.yahoodns.net.;;
yahoo.ro;10 mx-eu.mail.am0.yahoodns.net.;;
yahoo.ru;;
yahoo.se;10 mx-eu.mail.am0.yahoodns.net.;;
yahoofs.com;;
yalla.com;5 mxn.mxhichina.com.;10 mxw.mxhichina.com.;;
yalla.com.lb;;
yalook.com;;
yam.com;10 alt4.aspmx.l.google.com.;5 alt1.aspmx.l.google.com.;5 alt2.aspmx.l.google.com.;1 aspmx.l.google.com.;10 alt3.aspmx.l.google.com.;;
yandex.com;10 mx.yandex.ru.;;
yandex.pl;10 mx.yandex.ru.;;
yandex.ru;10 mx.yandex.ru.;;
yandex.ua;;
yawmail.com;10 mailer.mxnetworks.org.;;
yeah.net;10 yeahmx01.mxmail.netease.com.;50 yeahmx00.mxmail.netease.com.;;
yebox.com;10 mxw.mxhichina.com.;5 mxn.mxhichina.com.;;
yehey.com;5 alt2.aspmx.l.google.com.;10 aspmx3.googlemail.com.;1 aspmx.l.google.com.;5 alt1.aspmx.l.google.com.;10 aspmx2.googlemail.com.;;
yepmail.net;20 in2-smtp.messagingengine.com.;10 in1-smtp.messagingengine.com.;;
yesey.net;;
ymail.com;10 mta7.am0.yahoodns.net.;10 mta5.am0.yahoodns.net.;10 mta6.am0.yahoodns.net.;;
yogotemail.com;10 mx.55mail.jp.;;
yopolis.com;;
yopweb.com;10 mail2.yopweb.com.;10 mail1.yopweb.com.;;
youareadork.com;10 mail.youareadork.com.;;
youmailr.com;5 alt2.aspmx.l.google.com.;1 aspmx.l.google.com.;10 alt3.aspmx.l.google.com.;10 alt4.aspmx.l.google.com.;5 alt1.aspmx.l.google.com.;;
your-house.com;0 smtp.secureserver.net.;10 mailstore1.secureserver.net.;;
your-mail.com;10 in1-smtp.messagingengine.com.;20 in2-smtp.messagingengine.com.;;
yourname.freeservers.com;10 mx-ws.dca.untd.com.;10 mx-ws.vgs.untd.com.;;
yournightmare.com;;
yours.com;10 mx00.mail.com.;10 mx01.mail.com.;;
yoursubdomain.zzn.com;40 mx2.emailsrvr.com.;20 mx1.emailsrvr.com.;;
yourteacher.net;10 sitemail.everyone.net.;;
yourwap.com;;
yuuhuu.net;;
yyhmail.com;10 mx00.mail.com.;10 mx01.mail.com.;;
zahadum.com;0 aspmx.l.google.com.;;
zeepost.nl;;
zhaowei.net;10 mx01.mail.com.;10 mx00.mail.com.;;
zionweb.org;10 inbound.registeredsite.com.;;
zip.net;10 smtp.zipmail.com.br.;;
zipido.com;0 sitemail.everyone.net.;;
ziplip.com;0 ziplip-com.mail.protection.outlook.com.;;
zipmail.com;10 mx01.ionos.com.;10 mx00.ionos.com.;;
zipmail.com.br;20 mx3.bol.com.br.;;
zipmax.com;10 mailstore1.secureserver.net.;0 smtp.secureserver.net.;;
zmail.ru;5 mx30.aha.ru.;;
zoho.com;50 smtpin3.zoho.com.;10 smtpin.zoho.com.;20 smtpin2.zoho.com.;;
zonnet.nl;20 fallbackmx.spamexperts.eu.;30 lastmx.spamexperts.net.;10 mx.spamexperts.com.;;
zoominternet.net;5 mx.armstrong.syn-alias.com.;;
zubee.com;0 sitemail.everyone.net.;;
zuvio.com;;
zuzzurello.com;;
zwallet.com;;
zweb.in;10 mx2.hostinger.com.;5 mx1.hostinger.com.;;
zybermail.com;;
zzn.com;99 mx.fakemx.net.;;
